url,country,phishing,reference,language
sport7.dnes24.sk/175155/slovan-po-postupe-v-ekl-padol-v-ziline-famozny-kapralik-so-4-golmi,SK,False,True,False
www.neosolar.sk/menic-nabijac-victron-energy-multiplus-48v-2000va-25a-32a/,SK,False,True,False
www.mhsr.sk/uploads/files/wlgle0XW.pdf,SK,False,True,False
youtuber.sk/takto-sa-kope-priamy-kop/,SK,False,True,False
hlavne.sk/ekonomika/preprava-bicykla-kurierom-je-s-dhl-malickost/,SK,False,True,False
www.branovo.sk/modules/file_storage/download.php?file=30fa6a2a%7C135&inline=1,SK,False,True,False
www.realestates.sk/user/favourites.php?id=8636469,SK,False,True,False
watson.sk/NZONLINE/chrono-formular.php?id=153567,SK,False,True,False
roskovce.sk/g3d0a-ddd-spazio699bdd42cks2057bd040/,SK,False,True,False
www.brantnergemer.sk/najlepsie-financovanie-auta-sobrance,SK,False,True,False
zsjarovnice.sk/wp-event/velkonocny-pondelok/,SK,False,True,False
rubriky.soks.sk/wp-content/plugins/rubriky/www/pravda/r1969/pr_331.php,SK,False,True,False
www.naradie-priemyselne.sk/pneumaticky-skrutkovac-ingersoll-rand-qs1l20c1d,SK,False,True,False
www.petroaspol.sk/plexi-strieborne-hj17-ems,SK,False,True,False
touchit.sk/facebook-bude-poskytovat-informacie-z-chatu-indickej-policii/216998,SK,False,True,False
hnonline.sk/carovne-slovensko/1850226-jedinecne-muzeum-nedaleko-piestan-najdete-tam-historicke-auta-ci-bicykle,SK,False,True,False
www.telekom.sk/nepodporovany-prehliadac,SK,False,True,False
www.pohodafestival.sk/index.php/webparty/profile/HrQ,SK,False,True,False
www.ta3.sk/IAUC22DB/MDC2022/Roje/pojedynczy_obiekt.php?lporz=00896&kodstrumienia=00442&colecimy=2&kodmin=00003&kodmax=01223&lpmin=00025&lpmax=01712&sortowanie=0,SK,False,True,False
elitera.sk/index.php/copylitera,SK,False,True,False
www.katanracing.sk/index.php/fotogaleriafacebook,SK,False,True,False
www.hav-mnau.sk/b/Apple,SK,False,True,False
www.naps.sk/sk/z-pera-osobnosti/,SK,False,True,False
hiking.dennikn.sk/ga/31670/este_sa_da.html?ref=ga&rn=-3,SK,False,True,False
www.fruugo.sk/manzetove-gombiky/a-193,SK,False,True,False
zverejnovanie.region-bsk.sk/00605808/faktury/dfbv/0255/23/,SK,False,True,False
hiking.dennikn.sk/ga/63574/gavurky.html?ref=ga&rn=1,SK,False,True,False
no1pneu.sk/195-65r15-test-zimnych-pneumatik-adac-2021/,SK,False,True,False
holic.sk/data/smm_fzo/UPLOAD/40F69AC4_782E_3BE7_4957_4D806ED/473B88A7_D07B_F07F_611E_506C2B6.HTM,SK,False,True,False
www.pnky.sk/aktuality/predvianocne-snezenie-stromy-na-cestach-i-aute-ci-auta-v-poli/,SK,False,True,False
www.primework.sk/Urgent-117-HRO-S3-Zvaracska-pracovna-baganca-SRA-Guma,SK,False,True,False
edusan.sk/kat_liekov/hladaj_lieky.php?nadpis=&triedi=nazov&volba=atc&hladaj=G03GA09,SK,False,True,False
hiking.dennikn.sk/ga/12621/zbojska.html?ref=ga&rn=3,SK,False,True,False
rcmodely.cevaro.sk/index.php?id=36,SK,False,True,False
www.sexposta.sk/pripinacie-dilda-146,SK,False,True,False
www.bitumat.sk/sinderol-ksk,SK,False,True,False
www.rolodoktor.sk/content/prestashop/79-meretmegadas-megrendeleshez,SK,False,True,False
www.stavba-krbu-svojpomocne.sk/p/defro-home-solum-log-cervena,SK,False,True,False
zmluvy.fntt.sk/index.php?session=f1d18c783723333a640d6bfb21ccc344&category=3&page=9,SK,False,True,False
www.tszh.sk/docpublishing.php?work=orders_detail&OrderID=4,SK,False,True,False
optimalsk.sk/index.php/auta/kia-niro-phev/,SK,False,True,False
www.lacnykufor.sk/napiste-nam,SK,False,True,False
hiking.dennikn.sk/ga/56549/vecerny_stranik.html?ref=ga&rn=-3,SK,False,True,False
www.cike.sk/wp-content/uploads/docs/15zml0238.pdf?x61006,SK,False,True,False
zverejnovanie.region-bsk.sk/00605808/?&order=41&page=9,SK,False,True,False
vvzs.mil.sk/index.php?ID=3457,SK,False,True,False
www.shopinn.sk/AAA-c21_45_3.htm,SK,False,True,False
zastupitelstvo.bratislava.sk/data/att/34439.pdf,SK,False,True,False
www.domoss.sk/s/162/vstavane-mikrovlnne-rury-mora,SK,False,True,False
www.trezor.sk/obchod/sejfy-bezp-trieda-s1/c-142.xhtml,SK,False,True,False
kuzelnemiesta.sk/jazda-obrnenym-transporterom-bvp/,SK,False,True,False
www.dvepercenta.sk/details.php?organizationID=33814,SK,False,True,False
growni.sk/orgs/jedu,SK,False,True,False
www.jazzclub-ke.sk/nif/f6hirochishop89d1f6c04589641187364,SK,False,True,False
knihobot.sk/g/128,SK,False,True,False
zsholumnica.sk/index.php/zaujmove-utvary,SK,False,True,False
www.dovolenka123.sk/Vyhladavanie/Seychely/?id_Stat=167,SK,False,True,False
www.naturprodukt.sk/naturprodukt-sirup-pomarancovy-s-kardamomom-250-ml/,SK,False,True,False
melos.hrckova.sk/index.php?id=3,SK,False,True,False
psk.sk/o-v-s-prenajom-majetku-sos-technicka-stara-lubovna/,SK,False,True,False
bunco.sk/viazace-%7C-laminatory-%7C-rezace-%7C-rezacky-papiera,SK,False,True,False
mojinterier.sk/keramicka-salka-s-podsalkou-ruzova-kvetina-220-ml,SK,False,True,False
tescomobile.sk/sutaz/pateurovy-nakup-fb/,SK,False,True,False
futurologia.sk/index.php?id=publikacie_schweickart_pokapitalizme,SK,False,True,False
hiking.dennikn.sk/ga/17187/masiv_policy_z_okoli_sedla_brona.html?ref=ga&rn=-1,SK,False,True,False
hiking.dennikn.sk/ga/45531/kopcisko.html?ref=ga&rn=-2,SK,False,True,False
planterra.sk/index.php/realizacie/,SK,False,True,False
www.filozofia.sav.sk/sites/default/files/doc/filozofia/1973/2/115-123.pdf,SK,False,True,False
archivzverejnovanie.bratislava.sk/vismo/dokumenty2.asp?id_org=700026&id=30614&p1=63806,SK,False,True,False
vvzs.mil.sk/index.php?ID=4596,SK,False,True,False
hiking.dennikn.sk/ga/53977/jesenne_navraty.html?ref=ga&rn=2,SK,False,True,False
bezpecnostne-ohrady.sk/regulacie/protec-bezpecnostne-ohrady-narazove-testy1/,SK,False,True,False
zmluvy.fntt.sk/index.php?session=dea384f13aaece53290e2edb43b0dec9&category=3&page=1&contract=1391,SK,False,True,False
tvojenaradie.sk/vlastnost/rozmery-d-x-s-x-v/168-x-79-x-205-mm/,SK,False,True,False
www.dvepercenta.sk/details.php?organizationID=16344,SK,False,True,False
webmail.bojnicky.sk/en/oznamy/1352-oznam-o-doruc-pisomnosti-martina-kekisova-karolina-pavlikova-bojnicky,SK,False,True,False
www.snina.sk/modules/file_storage/download.php?file=26eba3f7%7C920,SK,False,True,False
www.yanka.sk/Vyhladavanie/?id_Stat=123,SK,False,True,False
hiking.dennikn.sk/ga/36125/velka_cajlianska_homola.html?ref=ga&rn=-1,SK,False,True,False
alfatrade.sk/index.php?page=refnbu.php,SK,False,True,False
hiking.dennikn.sk/ga/8000/nad_muranskou_hutou.html?ref=ga&rn=-1,SK,False,True,False
restauraciaperon.sk/?e=162-205-1,SK,False,True,False
rushmine.6f.sk/jedinecny-plne-automaticky-vip-system/,SK,False,True,False
www.thegrind.sk/riadidla-ethic-dynasty-v2-polished-72,SK,False,True,False
www.skymax.sk/krystal-138-700mhz-hc49u-dopredaj,SK,False,True,False
edusan.sk/kat_liekov/hladaj_lieky.php?nadpis=&triedi=nazov&volba=atc&hladaj=P01AB01,SK,False,True,False
www.slaska.sk/modules/file_storage/download.php?file=d06bb0da%7C412,SK,False,True,False
www.sewatgreen.sk/kurenie/rozvody-kurenia/tvarovky-kurenie/medene-spajkovacie-tvarovky-kurenie/me-dpajkovacie-hrdlo-redukovane-28x22-5240,SK,False,True,False
vvzs.mil.sk/index.php?ID=70065,SK,False,True,False
www.naradie-priemyselne.sk/pneumaticka-vtacka-ingersoll-rand-p33006-dasl030p64,SK,False,True,False
psk.sk/o-v-s-prenajom-majetku-gymnazium-kukucinova-4239-1-poprad-2/,SK,False,True,False
youtuber.sk/ochutnajte-stopercentne-spanielske-flamenco/maxresdefault42/,SK,False,True,False
stavokov.sk/img-20221002-wa0033/,SK,False,True,False
focesa.sk/204/,SK,False,True,False
www.mimibazar.sk/inzerat/21422811/saty-h-m-110-116-122-128,SK,False,True,False
uluv.sk/podujatia/linie-v-tvorbe-jany-majerskej/?fbclid=IwAR2mhJ3EGcxCUhA1IMWOPdREXq_Gzbvl6FJD6bO_NruHPpG9bfPsP9JCYXI,SK,False,True,False
vvzs.mil.sk/index.php?ID=72668,SK,False,True,False
skanar.sk/index.php?log=ochranne-pracovne-prostriedky,SK,False,True,False
dev.nabytokdesign.sk/kl-29/?v=13dd621f2711,SK,False,True,False
qa.uvlf.sk/pc/pcz/?id=347,SK,False,True,False
www.kontura.sk/naradie.usag.fasano/klieste/segerove/klieste.usag.127.cp,SK,False,True,False
zlatnictvohalasova.sk/content/kbdxiv/xxbine-c.html,SK,False,True,False
magicshop.235.sk/zdravy-zivotny-styl/,SK,False,True,False
chudnutie-zdravastrava.sk/ddd/,SK,False,True,False
www.kupma.sk/p/241/maska-usmiaty-cerveny-diabol,SK,False,True,False
www.zrzaky.sk/p/zrzaky-zavinovacie-bezove/157,SK,False,True,False
rcmodely.cevaro.sk/index.php?id=9&n=vplyv-odberu-serv-na-rusenie,SK,False,True,False
www.zzz.sk/zariadenie/4705-veterinarna-ambulancia-mvdr-jana-tunegova,SK,False,True,False
www.tv8.sk/wp/?p=2741,SK,False,True,False
www.pohodafestival.sk/webparty/231,SK,False,True,False
moonstyle.sk/0cb6f9ac-4fd2-4f92-a1a4-87d320980eb1/,SK,False,True,False
www.farnostkrasna.sk/index.php?id=92,SK,False,True,False
www.asteel.sk/225-45r17-91y-hankook-k135-ventus-prime4-14144132,SK,False,True,False
www.stranepodtatrami.sk/modules/file_storage/download.php?file=98a0c0b0%7C1225,SK,False,True,False
www.obecborka.sk/info-letak---zber-separacia-a-recyklacia-pouzitych-baterii-a22-162,SK,False,True,False
www.kosi.sk/my-account/,SK,False,True,False
www.sopsr.sk/natura/index.php?p=4&sec=7&druh=106,SK,False,True,False
hiking.dennikn.sk/ga/64653/holy_vrch.html?ref=ga&rn=2,SK,False,True,False
starvys.sk/order-tracking/,SK,False,True,False
tajomstvazdravia.sk/tajomstva-zdravia/241/,SK,False,True,False
www.suchanadparnou.sk/modules/file_storage/download.php?file=7433f3b5%7C562,SK,False,True,False
www.vepmedical.sk/c/security-sbs/vystrojny-material/doplnky-vyzbroj/obranne-spreje-prislusenstvo1111,SK,False,True,False
www.darre.sk/import-4/,SK,False,True,False
www.dvepercenta.sk/details.php?organizationID=12252,SK,False,True,False
autogrip.sk/c1-107-aygo-trojicky-podstupili-modernizaciu/,SK,False,True,False
smolinske.sk/wp-content/uploads/zber-odpadu/fuvol7l1fs.pdf,SK,False,True,False
s1.seamless1.sk/vlasova-kozmetika/s1-superfood-therapy/s1-nourishing-conditioner-300ml-p133,SK,False,True,False
datasolution.sk/index.php?page=enc&znak=R&cs=113,SK,False,True,False
mrsvornost.sk/vyzva-prv-podopatrenie-7-4/,SK,False,True,False
www.dvepercenta.sk/details.php?organizationID=22406,SK,False,True,False
cbtt.sk/index.php/chvaly/vsetky/download/8-nezaradene-piesne/170-jedine-miesto,SK,False,True,False
www.elektroantos.sk/stykac-25a-cievka-48v-ac-3xno-1xnc-tr1f2501e7-tracon/,SK,False,True,False
www.gymgolnr.sk/pk/anj/obrazky4.php?a=jt2022&b=5&c=8,SK,False,True,False
termohrncek.sk/alpicool-chladiaci-box-40l-do-auta-recenzia/,SK,False,True,False
lunycar.sk/dovolenka-vylet-ci-teambuilding-5-miestne-verzus-viacmiestne-vozidlo/,SK,False,True,False
www.pckosice.sk/napiste-nam/,SK,False,True,False
hiking.dennikn.sk/ga/42707/pod_zoborom.html?ref=ga&rn=-2,SK,False,True,False
www.vazimsita.sk/p/lesne-huby-susene-zmes-platky/232,SK,False,True,False
hiking.dennikn.sk/ga/7886/silueta_chocska.html?ref=ga&rn=0,SK,False,True,False
aim.lps.sk/web/index.php?fn=41&lng=sk&sess=TVrYpDF1Smqhxon3oEHF7gFzpqUzZkXvCHCHCCDB,SK,False,True,False
www.lexmann.sk/engine/account/login.php?redirect=/prechadzka-bobotom-alebo-miesta-a-domy-spojene-s-rodinou-lexmann/,SK,False,True,False
admin.ticketportal.sk,SK,False,True,False
www.teremeshop.sk/n/gulovnica-merkel-kr1-kal-8x57,SK,False,True,False
www.liptovskakokava.sk/evt_file.php?file=5195,SK,False,True,False
www.webzabava.sk/obrazky/posli/209/,SK,False,True,False
www.zzz.sk/zariadenia/presov/lekaren,SK,False,True,False
www.knihovna.sk/mesacny-dennik-alebo-ako-sa-chcel-h-g-wells-v-hrobe-obracat/,SK,False,True,False
www.insportline.sk/horske-bicykle-mtb,SK,False,True,False
snimacedrahy.sk/bzotech_mega_item/breadcrumb-home-6/,SK,False,True,False
wp.liniakosice.sk/farba/fialova/,SK,False,True,False
www.kuzelnyhrad.sk/stavebnica-seva/stavebnice-seva-1,SK,False,True,False
quatro.vub.sk/kalkulacka/I1199?cenaTovaru=209,SK,False,True,False
vapestile.sk/index.php/cennik,SK,False,True,False
frontend.webnoviny.sk/rusko-stratilo-takmer-900-vojakov-prislo-aj-o-pat-tankov-ci-niekolko-vozidiel-pechoty/,SK,False,True,False
wp-zlavy.sk/zlavy/5037/,SK,False,True,False
obecsekule.sk/sms-rozhlas/?unsubscribe,SK,False,True,False
datasolution.sk/index.php?page=enc&znak=S&cs=76,SK,False,True,False
www.tmfsr.sk/sk/login/105,SK,False,True,False
www.minedu.sk/data/att/f44/20816.9b5ab6.pdf,SK,False,True,False
zastupitelstvo.bratislava.sk/data/att/32466.pdf,SK,False,True,False
archivzverejnovanie.bratislava.sk/assets/File.ashx?id_org=700026&id_dokumenty=9614,SK,False,True,False
www.vyroba-webstranok.sk/tvorba-web-stranok-slovensky-grob/,SK,False,True,False
eposta.posta.sk/,SK,False,True,False
subkontrakt.sk/subdodavatelia/212,SK,False,True,False
talestudio.sk/content/fcipwt/rxpaug-c.html,SK,False,True,False
www.dravce.sk/web/index.php/en/orol-kraovsky,SK,False,True,False
hiking.dennikn.sk/ga/30061/bosmany.html?ref=ga&rn=3,SK,False,True,False
zverejnovanie.region-bsk.sk/00605808/faktury/dfbv/0271/23/,SK,False,True,False
www.dvepercenta.sk/details.php?organizationID=28443,SK,False,True,False
www.gregy.sk/zadny-tlmic-wp-xact-pro-8950-1,SK,False,True,False
trenerportal.sk/index.php/metodika-cvicenia/brankari,SK,False,True,False
stuscientific.sk/content/casopis-transfer?sessid121402a9f30e88f1bd088bd5cd4116be=3b6121af7a08092253258c6d05cc683f,SK,False,True,False
www.woodle.sk/saunova-pec-scandia-next-8kw.html,SK,False,True,False
hiking.dennikn.sk/ga/2944/lucanska_fatra.html?ref=ga&rn=-2,SK,False,True,False
www.mengusovce.sk/modules/file_storage/download.php?file=ee8a6598%7C65,SK,False,True,False
velkoobchod.mkn.sk/sklenena-doza-klik-klak-05l,SK,False,True,False
www.villagloria.sk/wp-content/uploads/docs/Cennik_Gloria_2024.pdf,SK,False,True,False
mskfutbal.sk/index.php/statistiky/2-uncategorised/207-povazskobystricania-rozhodli-o-vyhre-v-nitre-uz-v-prvej-polhodine,SK,False,True,False
www.obecdobraniva.sk/modules/file_storage/download.php?file=1dae3ba2%7C478&inline=1,SK,False,True,False
pneu-import.sk/diewe-notradset-4x17-155-90r17-4/,SK,False,True,False
www.dobrakupelna.sk/zalamovacie-sprchove-dvere-sanovo-mystery-duet-185--182-186-x190-cm--mysd_185c-/,SK,False,True,False
www.hermes.sk/gamo-diabolky-4-5mm--177-lethal-0-36g--5-55gr-100ks-6322740/,SK,False,True,False
www.dvepercenta.sk/details.php?organizationID=20872,SK,False,True,False
wday.sk/vyzdoba-auta/,SK,False,True,False
bof-mtb-eliminator.mtbiker.sk/prihlaseni,SK,False,True,False
www.aocp.sk/skusky/main.php?pg=36565554&id_skuska_termin=10193&cmd=registrovat,SK,False,True,False
portal.fmed.uniba.sk/index.php?f=chyba&redirect_pg=download&redirect_id=799&error=2&current_priv=1,SK,False,True,False
www.w-technika.sk/sk/workswell-wiris-pro-gremsy-s1-1.html,SK,False,True,False
kamdomesta.sk/public/files/BDKE/infozakon/2013/oznamenie_otvaranie_ostatne.pdf,SK,False,True,False
rubriky.soks.sk/wp-content/plugins/rubriky/www/hl/r1980/hl_969.php,SK,False,True,False
redemptoristky.sk/index.php/poslanie/apostolat-vyzarovania,SK,False,True,False
zapsk.sk/vseobecna-zdravotna-poistovna-ukoncila-vcera-rokovania-so-zap/,SK,False,True,False
www.vodarkopcansky.sk/p-225/np90-tanier-6-4,SK,False,True,False
www.casallia.sk/e/login,SK,False,True,False
tasrtv.sk/live/21784?search_relacia=live&video_name=x8l7cqupremier,SK,False,True,False
www.google.sk/url?q=z0qwjd.cyou,SK,False,True,False
vav.tnuni.sk/index.php?id=61&L=glunwjzxivup,SK,False,True,False
klubina.sk/wp-content/uploads/Nudzovy-stav.pdf,SK,False,True,False
www.outletmania.sk/index.php?route=account/register,SK,False,True,False
frequens.sk/molarove-102,SK,False,True,False
www.gotovany.sk/modules/file_storage/download.php?file=0d647ea0%7C549&inline=1,SK,False,True,False
www.dnes24.sk/novy-clen-predstavenstva-otp-banky-slovensko-a-s-115369,SK,False,True,False
www.ta3.sk/IAUC22DB/MDC2022/Roje/pojedynczy_obiekt.php?lporz=01374&kodstrumienia=00801&colecimy=2&kodmin=00003&kodmax=01223&lpmin=00025&lpmax=01712&sortowanie=0,SK,False,True,False
www.filozofia.sav.sk/sites/default/files/doc/filozofia/1994/3/187-188.pdf,SK,False,True,False
vizamarket.sk/ostatne-216.html,SK,False,True,False
www.offroadpneu.sk/katalog/aplus-255-65r17-a929-a-t-110t-cdbb000865,SK,False,True,False
www.vzdy.sk/jbl-club-8622f-2,SK,False,True,False
www.skrutka.sk/excentricka-bruska-gex-34-125,SK,False,True,False
rubriky.soks.sk/wp-content/plugins/rubriky/www/praca/r1991/pc_1076.php,SK,False,True,False
aim.lps.sk/web/index.php?fn=203&lng=en&sess=QCmyVoZFGfGR5XFHfu1nn8rvyvAKRXQPGICCDCDB,SK,False,True,False
www.teslamagazin.sk/nabijacie-stanice-telekom/nabijacie-stanice-telekom/,SK,False,True,False
www.mojakomunita.sk/web/farnost-stara-lubovna/sviatost-birmovania,SK,False,True,False
www.vivanno.sk/exkluzivny-kvetinac-moena-zo-sklenenych-vlakien-strieborna-metaliza-moena/,SK,False,True,False
sietotlacovyzvaz.sk/clendetail.php?id=117&s=1,SK,False,True,False
hiking.dennikn.sk/ga/49957/jesenny_cas.html?ref=ga&rn=-1,SK,False,True,False
www.legatum.sk/en:rem:r473,SK,False,True,False
www.kulina.sk/revol-basalt/,SK,False,True,False
vobraze.sk/sponzorovane/kvety-misurakova-rimavska-sobota-fantazia-kvetinova-posta/,SK,False,True,False
hrajnatienohy.sk/img-20190318-wa0024/,SK,False,True,False
www.mojandroid.sk/facebook-data-poloha-katastrofy/,SK,False,True,False
www.xzone.sk/batman-toxicka-hrozba-pc,SK,False,True,False
tel.sk/,SK,False,True,False
hiking.dennikn.sk/ga/66540/jesen_na_hornych_kysuciach_iv.html?ref=ga&rn=1,SK,False,True,False
www.kfckomarno.sk/hun/futbal/245/mariatolgyes-kfc-edzoi-ertekeles,SK,False,True,False
www.navratil.sk/referencie/referencie/anton-dreher-ml,SK,False,True,False
www.banm.sk/data/att/17475.pdf,SK,False,True,False
www.bicykle-privara.sk/kotuce--6-dier/kotuc-tk-tr160-22/,SK,False,True,False
hiking.dennikn.sk/ga/60564/hulin.html?ref=ga&rn=2,SK,False,True,False
www.lavanda.sk/admin/,SK,False,True,False
www.swimmax.sk/napiste-nam/,SK,False,True,False
talestudio.sk/content/zeshqa/hqrjlk-c.html,SK,False,True,False
www.spisskepodhradie.sk/modules/file_storage/download.php?file=1700a933%7C1643&inline=1,SK,False,True,False
www.upsvar-vk.sk/zamestnanost/velky-krtis-aranzerka-kvetinar-aranzer-velky-krtis/,SK,False,True,False
www.dvepercenta.sk/details.php?organizationID=33886,SK,False,True,False
slobodnyvysielac.sk/relacia/politicke-rozhovory-119/,SK,False,True,False
hiking.dennikn.sk/ga/55540/brestovec.html?ref=ga&rn=0,SK,False,True,False
www.krajne.sk/modules/file_storage/download.php?file=95e40cf3%7C210,SK,False,True,False
frto.sk/index.php?odkaz=010202022283,SK,False,True,False
www.stepshop.sk/uchytka-um-154-l-192-g6-crm-chrom-matny/,SK,False,True,False
rubriky.soks.sk/wp-content/plugins/rubriky/www/pravda/r2013/pr_3926.php,SK,False,True,False
www.fms.sk/strikajici-voda-jim-neni-cizi/,SK,False,True,False
ocoptima.sk/najemca/samdex/,SK,False,True,False
www.liprint.sk/nalepka-auta-a-kava-zilina-biela-6cm/,SK,False,True,False
www.gumiok.sk/185/,SK,False,True,False
hzs.sk/wp-content/uploads/pzu/Zmluvy/06/,SK,False,True,False
limbach.sk/wp-content/dotacie21.pdf,SK,False,True,False
www.kamerovesystemy.sk/Optex-HX-80NAM-d54059.htm,SK,False,True,False
zajazdy.helltour.sk/Vyhladavanie/?id_Stat=152,SK,False,True,False
www.tatryportal.sk/wp-admin/admin-ajax.php?action=eventon_ics_download&event_id=13975&ri=0&nonce=2bdfecbeba,SK,False,True,False
www.ikelp.sk/web/vyrobca?epid=230,SK,False,True,False
talestudio.sk/content/wjqzym/ekzyjb-c.html,SK,False,True,False
muzeumtatry.sk/?skript=login,SK,False,True,False
www.firdent.sk/service/Extrakcie-zubov/148,SK,False,True,False
www.pomocky.sk/zdravie-a-relax/driekova-opierka-do-auta/,SK,False,True,False
www.primework.sk/Urgent-120-Marron-S1-Pracovne-bakance-SRC-TPU,SK,False,True,False
www.dvepercenta.sk/details.php?organizationID=28656,SK,False,True,False
www.toprecept.sk/amp/masite-jedla/193/Kuracie-rezne-v-cesticku-so-syrovou-omackou,SK,False,True,False
kompaszliav.sk/pobocky/roznava/slovak-telekom/safarikova-4,SK,False,True,False
vosveteit.zoznam.sk/facebook-messenger-pre-windows-aktualizacia/?click=slider,SK,False,True,False
www.professionalsport.sk/Mikina-Silvini-Latera-d585.htm,SK,False,True,False
inzerta.sk/location/bartosova-lehotka/15001342,SK,False,True,False
metropolys.sk/index.php,SK,False,True,False
forcar.sk/246-xenonove-vybojky,SK,False,True,False
zssuchahora.orava.sk/index.php/organizacia-vyucovania,SK,False,True,False
www.mkb.sk/pre-multifunkcne-naradie-c13_196_3.htm,SK,False,True,False
rubriky.soks.sk/wp-content/plugins/rubriky/www/fakty/r1995/fkt_046.php,SK,False,True,False
www.nizna.sk/modules/file_storage/download.php?file=3f08c11c%7C527,SK,False,True,False
www.vrabciak.sk/spintor-6-ml/2952v,SK,False,True,False
topankymagnum.sk/nove-nabizime-i-doruceni-kuryrem-dpd/,SK,False,True,False
www.klasov.sk/modules/file_storage/download.php?file=cb76a0b8%7C345,SK,False,True,False
www.dub4.sk/index.php?route=account/register,SK,False,True,False
www.prevodyjednotiek.sk/index.php/diskusia/?strana=241,SK,False,True,False
hiking.dennikn.sk/ga/11594/prvosienka_vyssia_primula_elatior.html?ref=ga&rn=-3,SK,False,True,False
www.budemvolit.sk/najlepsie-financovanie-auta-stara-lubovna,SK,False,True,False
www.cforoka.sk/cfo-roka-homepage/dsc_6556-2/,SK,False,True,False
www.lafiesta.sk/tadzikistan-hazrat-ali-mausoleum,SK,False,True,False
www.dvepercenta.sk/details.php?organizationID=31491,SK,False,True,False
www.eurea.sk/admin/Cms_Wysiwyg/directive/index/,SK,False,True,False
abcrohace.sk/wp-content/themes/abc/galeria-kom.php?idf=4331,SK,False,True,False
dev.unipharma.sk/pharmacy/lekaren-central/,SK,False,True,False
infovolby.sk/clanok/oznamenie-tk-prezidia-policajneho-zboru-dnes,SK,False,True,False
www.realestates.sk/user/favourites.php?id=8653740,SK,False,True,False
www.sulivet.sk/index.php?6fqma46e54ejx-2er,SK,False,True,False
www.ta3.sk/IAUC22DB/MDC2022/Roje/pojedynczy_obiekt.php?lporz=01545&kodstrumienia=01055&colecimy=2&kodmin=00003&kodmax=01223&lpmin=00025&lpmax=01712&sortowanie=0,SK,False,True,False
obchod.carovna.sk/produkty/107-109-154/dekantery-servery.html,SK,False,True,False
hiking.dennikn.sk/ga/23193/mesiac_nad_smrekom.html?ref=ga&rn=-2,SK,False,True,False
zastupitelstvo.bratislava.sk/data/att/58376.pdf,SK,False,True,False
www.aocp.sk/skusky/main.php?pg=36565554&id_skuska_termin=10238&cmd=registrovat,SK,False,True,False
sziakomarom.sk/karacsony-elotti-revolution/,SK,False,True,False
www.ticketportal.sk/event/Odchody_vlakov?idp=71,SK,False,True,False
baterkaren.sk/event/vianocny-swap/,SK,False,True,False
vvzs.mil.sk/index.php?ID=83236,SK,False,True,False
www.abcnaradie.sk/login,SK,False,True,False
www.pohodafestival.sk/index.php/webparty/pohoda/6,SK,False,True,False
www.budemvolit.sk/financovanie-noveho-auta-michalovce,SK,False,True,False
zastupitelstvo.bratislava.sk/data/att/44227.pdf,SK,False,True,False
nspclub.sk/produkty-nsp/doplnky-nsp/gotu-kola-100-kapsli,SK,False,True,False
hornany.sk/dokument/dodatok-k-zmluve-o-poskytovani-verejnych-sluzieb-slovak-telekom/,SK,False,True,False
www.pidilidi.sk/sk/leginy-dievcenske-ruzova-152-158.html,SK,False,True,False
www.controlsystem.sk/dodavatelia/kunbus/revolution-pi/revpi-core,SK,False,True,False
www.pohodafestival.sk/index.php/webparty/profile/iba_maty,SK,False,True,False
www.strekov.sk/modules/file_storage/download.php?file=07b2de6e%7C1057,SK,False,True,False
dozsa.sk/179-borovicka,SK,False,True,False
hiking.dennikn.sk/ga/50756/v_jaskyni.html?ref=ga&rn=1,SK,False,True,False
zmluvy.fntt.sk/index.php?session=294beba74bf8ca0c0b95df4c810b406f&category=3&page=8,SK,False,True,False
vizamarket.sk/plnena-panenka-s-klobasou-248.html,SK,False,True,False
server.archivari.sk/aktivity,SK,False,True,False
www.dvepercenta.sk/details.php?organizationID=20837,SK,False,True,False
www.leomax.sk/absorbine-supershine-lesk-na-kopyta-cierny--balenie-237-ml/,SK,False,True,False
www.lesspol.sk/vyroba/zverofarma?123,SK,False,True,False
tasrtv.sk/live/22932?search_relacia=live&video_name=x8wp8n6taraba-kmec,SK,False,True,False
link.azet.sk/redir?link=c7d338fa3f8277a74dc6b94b91b865fe,SK,False,True,False
www.pohodafestival.sk/index.php/webparty/profile/kyvadlo,SK,False,True,False
dev.apartmanyhrebienokresort.sk/apartmany/b16_6/,SK,False,True,False
www.hoopers.sk/?fbclid=IwAR3Krpmn1JBwM23K6a-JDV6dqcPcmn9kQB9k7B5pNsGTD3jrQnjRNHROZp0,SK,False,True,False
www.kraso.sk/wp-content/uploads/sutaze/2018_2019/20190105_du/SEG001.HTM,SK,False,True,False
www.saniland.sk/vane/akrylatove/171-180/,SK,False,True,False
www.snsblava.sk/index.php?action=home&id_rok=2,SK,False,True,False
info.commpass.sk/uvod-do-projektoveho-manazmentu/comm-pass_manazerske-vzdelavanie_31_w/,SK,False,True,False
vedelisteze.info.sk/poculi-ste-uz-mysi-spev/,SK,False,True,False
digestor.sk/priemer-odtahu/218-x-55-mm/,SK,False,True,False
naconxypan.sk/sing-sing-penelope-pl-3/,SK,False,True,False
minzp.sk/poo/transparentnost/,SK,False,True,False
inexport.sk/web/,SK,False,True,False
www.aocp.sk/skusky/main.php?pg=36565554&id_skuska_termin=10118&cmd=registrovat,SK,False,True,False
www.ttprod.sk/toptrade-korunka-vykruzovacia-diamantova-m14-o-68-mm-p122724/,SK,False,True,False
103prrchbo.mil.sk/index.php?ID=9814,SK,False,True,False
www.svietidlalustre.sk/kanlux-26585-kanlux-ap-kanlux-tienidlo-h-u-2m-click-biela.html,SK,False,True,False
www.asb.sk/stavebnictvo/pre-lepsiu-predstavu-o-novej-kupelni,SK,False,True,False
www.punkgen.sk/reporty.php?id=146,SK,False,True,False
www.uvzsr.sk/web/ruvzbb/strankove_dni,SK,False,True,False
obrazky.4ever.sk/copyright?picture_id=248652,SK,False,True,False
hasici.ludus.sk/knihanavstev.php?idprispevek=174,SK,False,True,False
www.tosmart.sk/Vyhladavanie/?id_Stat=188,SK,False,True,False
www.cp-online.sk/cestovny-poriadok/autobusy.php,SK,False,True,False
www.dnes24.sk/rodinkarstvo-v-sns-huliakova-partnerka-dostala-lukrativny-flek-v-statnej-ochrany-prirody-444364,SK,False,True,False
www.euroshopy.sk/bit-nastrcny-magneticky-3/,SK,False,True,False
hsr.rokovania.sk/data/att/151100_subor.pdf,SK,False,True,False
partyportal.sk/su-znami-vitazi-narodnych-filmovych-cien-slnko-v-sieti-najviac-oceneni-si-odniesla-komedia-invalid/,SK,False,True,False
totalmoney.sk/viaco/urokove-sadzby-a-fixacie?__utmt=tm655c7323711fb%7Ctotalmoney.sk%7C%7C%7C%7C1700557603,SK,False,True,False
www.hornalehota.sk/modules/file_storage/download.php?file=e4dd48ce%7C123,SK,False,True,False
hiking.dennikn.sk/ga/33631/hladke_sedlo_i.html?ref=ga&rn=-1,SK,False,True,False
www.uzemneplany.sk/profil/249-ing-arch-imrich-pleidel,SK,False,True,False
abcrohace.sk/wp-content/themes/abc/galeria-kom.php?&t=194&idf=18076,SK,False,True,False
www.vydrany.sk/modules/file_storage/download.php?file=3c530bc3%7C2020,SK,False,True,False
insta-pl.sk/revizie_kotlov/revizie-kotlov-v-meste-cerovo/,SK,False,True,False
filakovskekovace.sk/dokument/sj-potraviny-154/,SK,False,True,False
teste.sk/shieldex-bremen-pw-c1413,SK,False,True,False
zahradnecentra.sk/?d=52,SK,False,True,False
abcrohace.sk/wp-content/themes/abc/galeria-kom.php?&t=194&idf=17924,SK,False,True,False
www.pis.sk/diskusia/793/historicke_fotografie_a_pohladnice_mesta_presov/?re=18954,SK,False,True,False
zmluvy.fntt.sk/index.php?session=26776158a95c329ec85c15dcb3851937&category=3&page=2&contract=1441,SK,False,True,False
www.upratovaciatechnika.sk/p/966/nilfisk-s3-l50-lc-x-4010300244-jednofazovy-trojmotorovy-priemyselny-vysavac,SK,False,True,False
issoria.sk/parfemy/vzorky-parfemov/321-issoria-jaime-2-ml-vzorka.html,SK,False,True,False
psk.sk/cestovny-ruch/,SK,False,True,False
zastupitelstvo.bratislava.sk/data/att/54848.pdf,SK,False,True,False
www.trebatice.sk/core/tpl/update.php?zmena-vzhledu=standard,SK,False,True,False
cef.sk/category/grantove-schemy/,SK,False,True,False
www.kongres.arytmie.sk/wp-content/uploads/certifikaty/1346.pdf,SK,False,True,False
aim.lps.sk/web/index.php?fn=209&lng=sk&sess=MkzJbo4oFD1lygeBvhAC1TkznfEcF9f9AAJADCDB,SK,False,True,False
watson.sk/NZONLINE/chrono-formular.php?id=153957,SK,False,True,False
www.tik.sk/en/region/okres-pezinok/vinicne/,SK,False,True,False
hzs.sk/wp-content/uploads/pzu/Zmluvy/12/,SK,False,True,False
www.belora.sk/p/7154/matrix-socolor-sync-7mm-90-ml,SK,False,True,False
www.tk-ruzomberok.sk/ruzomberok-turnaj-triedy-a-muzi/,SK,False,True,False
skpp.sk/index.php/krajsky-prebor-gpx,SK,False,True,False
ortv.sk/pilety-click-clack/vypust-umyvadlova-clickclack-54-celokovova-velka-zatka-40ks,SK,False,True,False
vvzs.mil.sk/index.php?ID=3453,SK,False,True,False
safesystems.sk/construct-vsl,SK,False,True,False
vvzs.mil.sk/index.php?ID=36903,SK,False,True,False
www.aquaparksenec.sk/letna-brigada-plavcik-clone-4399,SK,False,True,False
www.mosrzorlov.sk/?m=202202,SK,False,True,False
zadanie.sukromnazuskos.sk/novemer-1t.php,SK,False,True,False
hiking.dennikn.sk/ga/48995/tatry_od_chopku.html?ref=ga&rn=-3,SK,False,True,False
www.gladioly.sk/index.php,SK,False,True,False
marketingplayer.sk/nastroj/tumblr-ads/,SK,False,True,False
www.smedemokrati.sk/sv/request_to_join/casar-167/,SK,False,True,False
www.info-prievidza.sk/jaroslav-uhliarik/index.html,SK,False,True,False
www.siea.sk/wp-content/uploads/sf/zoznamy_zazmluvnenych_a_schvalenych_projektov/30062017/1.3_1_.pdf,SK,False,True,False
www.m-link.sk/dalekohlad-sky-watcher-newton-130-650mm-dobson-stolny--cdd-/,SK,False,True,False
heronsk.sk/mistrall-sicata-feeder-udica-360cm-125gr,SK,False,True,False
hiking.dennikn.sk/ga/64059/dusickove_karpaty.html?ref=ga&rn=2,SK,False,True,False
www.huty.sk/modules/file_storage/download.php?file=7755c4e2%7C321,SK,False,True,False
kompaszliav.sk/pobocky/banska-bystrica/csob/horna-69,SK,False,True,False
www.kalap.sk/jenny-skavlan-nakenbilder-knulling/,SK,False,True,False
www.trnkov.sk/modules/file_storage/download.php?file=cab7a3c9%7C759&inline=1,SK,False,True,False
hiking.dennikn.sk/ga/35719/rozpravkovo.html?ref=ga&rn=-2,SK,False,True,False
www.aocp.sk/skusky/main.php?pg=36565554&id_skuska_termin=10123&cmd=registrovat,SK,False,True,False
hiking.dennikn.sk/ga/55643/nizkotatranska.html?ref=ga&rn=2,SK,False,True,False
hiking.dennikn.sk/ga/37495/polana_pri_mandoline.html?ref=ga&rn=1,SK,False,True,False
www.css-slnecnydom-po.sk/wp/?page_id=739,SK,False,True,False
www.hrabicov.sk/modules/file_storage/download.php?file=954ebec2%7C75&inline=1,SK,False,True,False
www.kronium.sk/takticke-nabijatelne-svietidlo-fenix-tk20r-ue/prod_2623.html,SK,False,True,False
vasobchod.sk/content/5-vymena-tovaru,SK,False,True,False
www.nam.sk/setkani-partneru/,SK,False,True,False
www.kraso.sk/wp-content/uploads/sutaze/2018_2019/20190216_rk/VCRK_19_Starsieziacky_SP_Scores.pdf,SK,False,True,False
singularch.sk/index.php?,SK,False,True,False
www.obeckosuty.sk/modules/file_storage/download.php?file=5ab3567d%7C427&inline=1,SK,False,True,False
alkodarceky.sk/privesok-placatka-50-ml-strieborny/,SK,False,True,False
www.cycology.sk/mtb-c671/sunrace/,SK,False,True,False
www.mimibazar.sk/rezervace.php?id=21274440,SK,False,True,False
www.dpmk.sk/cp/linka/40017/123/32/0,SK,False,True,False
zssvrcinovec.sk/index.php/skolsky-poriadok,SK,False,True,False
sita.sk/vskolstve/dvetisic-piatakov-otestuju-zo-slovenciny-a-matematiky/,SK,False,True,False
cespom.sk/ohniva-mlados/192-tanena-skupina-cespom-latino,SK,False,True,False
www.mkb.sk/Kov-c13_357_3.htm,SK,False,True,False
www.ajmaxtravel.sk/Vyhladavanie/?id_Stat=192,SK,False,True,False
pet24.sk/top,SK,False,True,False
www.toprecept.sk/masite-jedla/104/Bravcove-klopsy-s-paradajkovou-omackou,SK,False,True,False
www.aquamat.sk/koleno-45-ff/ms-koleno-5-4--ff-mosadz-45--/,SK,False,True,False
talestudio.sk/content/amycye/dbksjv-c.html,SK,False,True,False
www.detskyantikvariat.sk/ponuka-knih/jim-benton-mily-dennicek-spravaj-sa-co-najhlupejsie--2/,SK,False,True,False
www.mbidea.sk/odbornosti/strojarstvo?dpj-cityelefant-2-2?skuska-funkcnosti-prvku-vyvazovacieho-systemu?166?dpj-cityelefant-2-2?mkp-analyza-prechodoveho-potrubneho-systemu?166?potrubne-systemy-vzduchovody-spalinovody,SK,False,True,False
www.xzone.sk/il2-sturmovik-1946-pc,SK,False,True,False
filakovskekovace.sk/dokument/ocu-tel-poplatky-splatka-mob-telefonu-34/,SK,False,True,False
www.sav.sk/index.php?lang=sk&doc=user-org-user&user_no=3437,SK,False,True,False
www.webzabava.sk/sms/k-narodeninam/,SK,False,True,False
edusan.sk/kat_liekov/hladaj_lieky.php?nadpis=&triedi=nazov&volba=atc&hladaj=B05AA07,SK,False,True,False
www.webumenia.sk/dielo/SVK:TMP.326,SK,False,True,False
www.markiza.sk/galeria/54462-s-hlavou-v-oblakoch-156-a-157-epizoda/b766c8bc-a506-43d7-ac49-7826ca683cf7?back_url=www.markiza.sk/relacie/s-hlavou-v-oblakoch/clanok/622626-s-hlavou-v-oblakoch-156-a-157-epizoda,SK,False,True,False
zlavy.odpadnes.sk/zvierata-povolene/najdrahsie,SK,False,True,False
jazdectvoprekazdeho.sk/stajna?ID=43,SK,False,True,False
www.akvaobchod.sk/janeca-m-168,SK,False,True,False
aim.lps.sk/web/index.php?fn=201&publ_type=1&publ_cycle=0&lng=en&sess=cff2U8tiD6CY0hhqTfbE6ZlLiYHhbU3UFIGIBGDB,SK,False,True,False
vvzs.mil.sk/index.php?ID=3376,SK,False,True,False
www.priehradny.sk/dilbert/139,SK,False,True,False
obecbatka.sk/sms-rozhlas/,SK,False,True,False
www.antoniuscentrum.sk/modules/file_storage/download.php?file=bc4b20dc%7C45,SK,False,True,False
www.hymer-slovakia.sk/obytne-auta/b_klasse-masterline/i-880,SK,False,True,False
hotelzlatybyk.sk/prehlad-rezervacie/?no-cache=63d80ea8b6b6e,SK,False,True,False
rubriky.soks.sk/wp-content/plugins/rubriky/www/hl/r1981/hl_1063.php,SK,False,True,False
cimrman.sk/index.php?idnumber=110&cimrpor=1,SK,False,True,False
galeriakosice.sk/mein-konto/,SK,False,True,False
www.snina.sk/modules/file_storage/download.php?file=5b12d493%7C961,SK,False,True,False
hiking.dennikn.sk/ga/28182/sulovske_skaly.html?ref=ga&rn=0,SK,False,True,False
www.tlakomery-microlife.sk/microlife-mt-1611-zakladny-teplomer/notify,SK,False,True,False
kostrej.sk/kupelnova-zostava-cmd-romantic,SK,False,True,False
penoveparty.sk/referencie/index.php?page=penovka,SK,False,True,False
www.komfos.sk/potraviny-cba-komfos--a41-39,SK,False,True,False
tvnoviny.sk/domace/galeria/64267-z-policajneho-auta-ostal-len-srot/9c0c461a-49b9-44f5-a28a-be60b8aed41e,SK,False,True,False
www.aocp.sk/skusky/main.php?pg=29525175&id_skuska_termin=8817&cmd=registrovat,SK,False,True,False
fireproduction.sk/posli-nam-svedectvo/,SK,False,True,False
zastupitelstvo.bratislava.sk/data/att/63845.pdf,SK,False,True,False
hiking.dennikn.sk/ga/12365/oresanske_sedlo.html?ref=ga&rn=0,SK,False,True,False
fuli10.sk/index.php/11487,SK,False,True,False
app.grantexpert.sk/vyzva/podpora-teamingovych-vyskumnych-centier-mimo-bratislavskeho-kraja,SK,False,True,False
www.dvepercenta.sk/details.php?organizationID=23519,SK,False,True,False
vianoce.sk/index.php?ID=19065,SK,False,True,False
zapsk.sk/category/zap/v-mediach/,SK,False,True,False
quatro.vub.sk/kalkulacka/I1376?cenaTovaru=183.9,SK,False,True,False
www.nsud.sk/data/att/3b1/669988.d4c1ff.pdf,SK,False,True,False
erally.sk/vozidlo?error=404,SK,False,True,False
www.nanicvlasy.sk/files/referencieodnanicvlasysk,SK,False,True,False
www.mlsnelabky.sk/raw-raw-hovadzie-maso-mrazom-susene/,SK,False,True,False
www.suchanadparnou.sk/modules/file_storage/download.php?file=dbb4930a%7C604,SK,False,True,False
kokosovysvet.sk/muky-zo-semien,SK,False,True,False
mbtechnic.sk/zahradne-traktory/zahradne-traktory-travne-traktory/lt2-ns92-92cm-cub/,SK,False,True,False
www.nasaniznasebastova.sk/napiste-nam/,SK,False,True,False
www.dvepercenta.sk/details.php?organizationID=19660,SK,False,True,False
hiking.dennikn.sk/ga/35928/kremnica.html?ref=ga&rn=-1,SK,False,True,False
pmis.sazp.sk/index.php/content/hypericum,SK,False,True,False
www.salasustefana.sk/napiste-nam/,SK,False,True,False
www.obleciemsa.sk/tmavozeleny-top/,SK,False,True,False
aim.lps.sk/web/index.php?fn=207&lng=sk&sess=OF0fYdsKbMTKbf2u9aPvgPqRHz6mCAFbFCEJABDB,SK,False,True,False
www.floorwood.sk/latkova-roleta-fialova-bn-106-borneo-45/,SK,False,True,False
citroenroznava.sk/testovacia-jazda/,SK,False,True,False
psk.sk/dokument/48bdeaae-b547-49d0-af57-dde5496ffbb7/stiahnut?force=false,SK,False,True,False
www.oknocentrum.sk/zaluzie/skyroll/skyroll-zip,SK,False,True,False
bestech.sk/telegram-vydal-aktualizaciu-chatovacej-aplikacie/,SK,False,True,False
hiking.dennikn.sk/ga/54107/z_prednej_poludnice.html?ref=ga&rn=-1,SK,False,True,False
online.novabana.sk/cze/c1sk.htm,SK,False,True,False
www.abiset.sk/predajca/podpora/predajca.navody?pgid=196&sett=137,SK,False,True,False
www.ocuholisa.sk/modules/file_storage/download.php?file=08300b4d%7C53,SK,False,True,False
www.incipitum.sk/recenzie.php?q=142,SK,False,True,False
www.dunatour.sk/Vyhladavanie/?id_Stat=253,SK,False,True,False
dev.apartmanyhrebienokresort.sk/apartmany/b16_5/,SK,False,True,False
www.velkyfolkmar.sk/modules/file_storage/download.php?file=685de94b%7C20,SK,False,True,False
hiking.dennikn.sk/ga/301/rastlina_bohuzial_neviem_ako_sa_vola.html?ref=ga&rn=-3,SK,False,True,False
www.engo.sk/profesionalne-travniky/futbal/vystavba-futbalovych-ihrisk/?L=226,SK,False,True,False
slovenskatvorba.sk/detail_vyrobku/privesok-zo-zivice-3/,SK,False,True,False
www.salonerika.sk/index.php/pohare,SK,False,True,False
www.zemplinskehamre.sk/web/podstranka.php?stranka=odpady,SK,False,True,False
zavelkoobchodneceny.sk/pestan-htb-koleno-ht-pp-50x45-101297/,SK,False,True,False
www.info-nitra.sk/sob-bar/index.html,SK,False,True,False
kamerovy-system.sk/jedno-prvkove-stoziare/179-hlinikovy-stoziar-40-m-5907634533155.html,SK,False,True,False
hiking.dennikn.sk/ga/16531/osnica.html?ref=ga&rn=3,SK,False,True,False
zverejnovanie.region-bsk.sk/42128790/faktury/40170021/,SK,False,True,False
www.skolskenoviny.sk/en/167/,SK,False,True,False
hra.mojafamilia.sk/login-form.php,SK,False,True,False
www.financnykompas.sk/bezne-ucty/ucet-top-unicredit,SK,False,True,False
www.punkgen.sk/reporty.php?id=67,SK,False,True,False
pohodliephase.sk/landingpages/dvojmiestne-a-trojmiestne-sedacky-sedacky-123,SK,False,True,False
s-vk.sk/fotogaleria/category/74-turnaj-v-jablonke,SK,False,True,False
kategorizacia.mzsr.sk/Pomocky/Common/SummaryDetails/174,SK,False,True,False
www.lomna.sk/modules/file_storage/download.php?file=620f6728%7C72&inline=1,SK,False,True,False
hiking.dennikn.sk/ga/36795/_caute_kocky.html?ref=ga&rn=-3,SK,False,True,False
www.pricemania.sk/opasky-a-traky/fioge-kozeny-opasok-kozeny-opasok-140-144-1-13/,SK,False,True,False
supissoch.ssgbb.sk/dielo/122,SK,False,True,False
www.carpio.sk/starbaits-vedro-3-5l-square-bucket-325,SK,False,True,False
scitecpro.sk/index.php?route=account/register,SK,False,True,False
elisette.sk/jarny-trend-alert-v-hadej-kozi/,SK,False,True,False
kcohen.sk/kazne/live-zhromazdenie-3/,SK,False,True,False
kompaszliav.sk/pobocky/jablonov/4ka/jablonov-139,SK,False,True,False
www.ekapo.sk/boa-anfen-3-106-soft-cipkovana-podprsenka-cierna-velkost-85b,SK,False,True,False
hiking.dennikn.sk/ga/65924/stopa_zeravej_minulosti_zeme.html?ref=ga&rn=-3,SK,False,True,False
rcmodely.cevaro.sk/index.php?id=653,SK,False,True,False
test.pezinok.sk/index-m.php/?yggid=900,SK,False,True,False
aim.lps.sk/web/index.php?fn=201&publ_type=1&publ_cycle=0&lng=sk&sess=8Zz7PcL1ZBMXx91fKE1TRinoHn8BHeE1AGJIABDB,SK,False,True,False
hiking.dennikn.sk/ga/38283/les_pod_snehom_v.html?ref=ga&rn=-1,SK,False,True,False
hsr.rokovania.sk/data/att/169138_subor.pdf,SK,False,True,False
www.punkgen.sk/ziny.php?issue=69,SK,False,True,False
www.machkrovina.sk/order-tracking/,SK,False,True,False
hiking.dennikn.sk/ga/36500/po_stopach_daliho.html?ref=ga&rn=2,SK,False,True,False
hiking.dennikn.sk/ga/60697/nikym_neruseny.html?ref=ga&rn=-2,SK,False,True,False
www.zicaffe.sk/prihlasenie?back=addresses.php,SK,False,True,False
www.realestates.sk/user/favourites.php?id=8615593,SK,False,True,False
obrazky.4ever.sk/copyright?picture_id=255966,SK,False,True,False
streetofcode.sk/login/%2Fpodcast%2Fnajdolezitejsia-vlastnost-programatora,SK,False,True,False
www.dennik-dnes.sk/financovanie-noveho-auta-nitra,SK,False,True,False
www.domynakluceh.sk/realizacie/?single_prod_id=69,SK,False,True,False
eya-interier.sk/produkt/square-line-square/,SK,False,True,False
dtshop.sk/svietidlo-hm-mullner-1560m-teleskopicke,SK,False,True,False
www.bii.sk/https/www-bii-sk/Virivky-GardenSPA-c17-52-2-htm,SK,False,True,False
studiosk.sk/143-tatry/,SK,False,True,False
tk.soblahov.sk/velkonocny-piatok-mala-fatra/,SK,False,True,False
www.kongres.arytmie.sk/wp-content/uploads/certifikaty/2137.pdf,SK,False,True,False
rubriky.soks.sk/wp-content/plugins/rubriky/www/pravda/r1978/pr_1040.php,SK,False,True,False
www.vlneny-tovar.sk/krcna-opierka-do-auta-s-pamatovou-penou--bezova/,SK,False,True,False
zverejnovanie.region-bsk.sk/00604968/?page=4,SK,False,True,False
www.kosickeolsany.sk/modules/file_storage/download.php?file=c525739e%7C243&inline=1,SK,False,True,False
www.info-humenne.sk/ing-emil-cerevka/index.html,SK,False,True,False
muzla.sk/timeline/fiala-ilona-konyvbemutatoja-a-konyvtarban/,SK,False,True,False
www.filozofia.sav.sk/sites/default/files/doc/filozofia/1992/4/253-254.pdf,SK,False,True,False
www.rhodos.sk/index.php?id=reklama,SK,False,True,False
quovadistn.sk/account/,SK,False,True,False
uesa.sav.sk/publikacie/premeny-zidovskej-identity-po-holokauste/,SK,False,True,False
inexport.sk/p-project2-header/,SK,False,True,False
www.ta3.sk/IAUC22DB/MDC2022/Roje/pojedynczy_obiekt.php?lporz=01698&kodstrumienia=01208&colecimy=2&kodmin=00003&kodmax=01223&lpmin=00025&lpmax=01712&sortowanie=0,SK,False,True,False
kamenarstvomajo.sk/index.php?id=nahrobne_kamene&page=6,SK,False,True,False
superpc.sk/?id=info&idp=0001059539,SK,False,True,False
biopotravinyraj.sk/173-ezoterika/orgonit,SK,False,True,False
fst.tnuni.sk/index.php?id=248,SK,False,True,False
www.pohodafestival.sk/index.php/webparty/profile/boomer,SK,False,True,False
pozicajnaradie.sk/index.php?page=jadrove-vrtanie,SK,False,True,False
meteocentrum.sk/app/,SK,False,True,False
samlife.sk/107-doplnky,SK,False,True,False
www.volkel.sk/Zavitnik-rucny-sadovy-VOLKEL-M24-c-1-HSSE-d354.htm,SK,False,True,False
kompaszliav.sk/pobocky/kosice/csob/toryska-5,SK,False,True,False
obfzbardejov.sk/index.php?subpage=gbook&s=login,SK,False,True,False
vvzs.mil.sk/18590/index.php?ID=18577,SK,False,True,False
www.betonform.sk/products/fence-138-plotovy-dielec-138-kerites-138/,SK,False,True,False
zverejnovanie.region-bsk.sk/53242742/faktury/dfbv/0379/23/,SK,False,True,False
www.sms.sered.sk/index.php?men=72,SK,False,True,False
www.maldo.sk/p/svetlomet-superfire-hl15-220lm-aaa/,SK,False,True,False
peticia.sk/muzeumzlocinovkomunizmu/index.php?s=1,SK,False,True,False
www.dvepercenta.sk/details.php?organizationID=21024,SK,False,True,False
hiking.dennikn.sk/ga/47340/vysoka.html?ref=ga&rn=1,SK,False,True,False
www.casinoarena.sk/rubriky/casina-online/gameart-recenzia-vyrobcu-online-automatov-a-casinovych-hier_8718.html,SK,False,True,False
www.stitare.sk/modules/file_storage/download.php?file=0254c27b%7C665&inline=1,SK,False,True,False
www.uradne.sk/user/tablenews/file/880000,SK,False,True,False
www.jurpack.sk/home/117--zip-sacky-250x350-mm.html,SK,False,True,False
www.kokolus.sk/category/kokolus/facebook/,SK,False,True,False
hiking.dennikn.sk/ga/12922/rybnicek_na_chujave.html?ref=ga&rn=3,SK,False,True,False
www.bajany.sk/index.php/obecne-zastupitelstvo,SK,False,True,False
www.pohodafestival.sk/index.php/webparty/profile/user56faee91b3968/5?_locale=en,SK,False,True,False
www.obechorky.sk/modules/file_storage/download.php?file=93a8a6a7%7C294&inline=1,SK,False,True,False
akcnezeny.sk/9-najzaujimavejsich-statistik-z-facebook-marketingu/,SK,False,True,False
www.kongres.arytmie.sk/wp-content/uploads/certifikaty/2133.pdf,SK,False,True,False
www.akva24.sk/top,SK,False,True,False
www.18plus.sk/najdi-stratenu-vasen-v-prirodnom-afrodiziaku-erosino/,SK,False,True,False
rubriky.soks.sk/wp-content/plugins/rubriky/www/nike/r2007/nike_20071205.php,SK,False,True,False
hiking.dennikn.sk/ga/33552/janosikova_hlava.html?ref=ga&rn=-3,SK,False,True,False
www.volt.sk/index.php?route=account/login,SK,False,True,False
zastupitelstvo.bratislava.sk/data/att/22575.pdf,SK,False,True,False
gavaplast.sk/gava-900-nussbaum-vchodove-dvere,SK,False,True,False
reporter.sk/spustenie-kampane-suchy-februar-https-www-facebook-com-suchyfebruar/,SK,False,True,False
www.vydrnik.sk/modules/file_storage/download.php?file=2b5c597b%7C45&inline=1,SK,False,True,False
tasrtv.sk/live/22355?search_relacia=zastupitelstva&video_name=x8p21u08-zasadnutie-zastupitelstva-presovskeho-samospravneho-kraja,SK,False,True,False
zmluvy.fntt.sk/index.php?session=0c2b5a15abea719c0555ffe575e66acf&category=3&contract=1407,SK,False,True,False
www.topmoto.sk/p/goodyear-20565-r-175-132j-kmax-t-tl-ms-3pmsf-2742,SK,False,True,False
www.myjava.sk/modules/file_storage/download.php?file=472536f3%7C820&inline=1,SK,False,True,False
dev.unipharma.sk/pharmacy/spacince/,SK,False,True,False
office-shop.sk/c/kefy-stetky-zvon,SK,False,True,False
www.svietidlalustre.sk/kanlux-26548-kanlux-ap-kanlux.html,SK,False,True,False
www.kovopolotovary.sk/napinaky-cais-diagon/,SK,False,True,False
www.sulivet.sk/index.php?10lkaqx1lzwpsl00a39e7nlqz2-rly,SK,False,True,False
www.lidl.sk/h/detsky-svet/h10000007?idsOnly=false&productsOnly=false&offset=144,SK,False,True,False
www.sulivet.sk/index.php?2586ujkqk3zx502e4a16f5qmzcf,SK,False,True,False
www.vivarista.sk/m/clanky_kat/?page=69,SK,False,True,False
www.happyhair.sk/ucesy-zo-salonov/&zoom=174,SK,False,True,False
rubriky.soks.sk/wp-content/plugins/rubriky/www/hl/r1993/hl_2339.php,SK,False,True,False
dovoz-automobilov.sk/dovoz-auta/3656976/adria-altea-542-pk,SK,False,True,False
www.melcice-lieskove.sk/evt_file.php?file=9879,SK,False,True,False
aim.lps.sk/web/index.php?fn=209&lng=sk&stpg=210&sess=1JK0Fi42f7IAhSCRz8TfDFCJRy1C5GLQCDBADCDB,SK,False,True,False
www.obecnefaktury.sk/ako-nastavit-povolene-precerpanie-vub-bytca,SK,False,True,False
hiking.dennikn.sk/ga/19342/a_jar_je_tu.html?ref=ga&rn=3,SK,False,True,False
www.lidl.sk/h/odpadkove-kose-a-triedenie-odpadu/h10000155?pageId=%2F10000006%2F10000035%2F10000155&productsOnly=false&idsOnly=false,SK,False,True,False
www.harmoniazps.sk/vianocna-posta/,SK,False,True,False
www.ta3.sk/IAUC22DB/MDC2022/Roje/pojedynczy_obiekt.php?lporz=00464&kodstrumienia=00186&colecimy=2&kodmin=00003&kodmax=01223&lpmin=00025&lpmax=01712&sortowanie=0,SK,False,True,False
knihy.bratislavskykraj.sk/usp_form/submit/,SK,False,True,False
zastupitelstvo.raca.sk/data/att/10620.pdf,SK,False,True,False
odevypracovne.sk/pracovna-obuv-gama-s3/,SK,False,True,False
www.gista.sk/ako-nastavit-povolene-precerpanie-vub-lucenec,SK,False,True,False
www.csszakamenne.sk/public,SK,False,True,False
insta-pl.sk/revizie_kotlov/revizie-kotlov-v-meste-bojnice/,SK,False,True,False
stavokov.sk/img-20230918-wa0005/,SK,False,True,False
abc-zoo.sk/169-akvarium-ovalne-60x30x30cm-54l.html,SK,False,True,False
www.o2.sk/podpora/centrum-podpory/o2-tv-a-o2-tv-mini/vymena-set-top-boxov,SK,False,True,False
www.volkel.sk/Zavitnik-rucny-sadovy-VOLKEL-M92-c-3-HSS-G-d208.htm,SK,False,True,False
www.legatum.sk/en:rem:r426,SK,False,True,False
hiking.dennikn.sk/ga/60714/giewont.html?ref=ga&rn=-2,SK,False,True,False
www.cornutok.sk/shop/0204-spin-175-1467,SK,False,True,False
www.kraso.sk/wp-content/uploads/sutaze/2018_2019/20190105_du/2_IC_19_Nadejedievcata7_FS_Scores.pdf,SK,False,True,False
nm.sk/login,SK,False,True,False
www.ta3.sk/IAUC22DB/MDC2022/Roje/pojedynczy_obiekt.php?lporz=01633&kodstrumienia=01143&colecimy=2&kodmin=00003&kodmax=01223&lpmin=00025&lpmax=01712&sortowanie=0,SK,False,True,False
techmat.sk/?log=klinove-remene,SK,False,True,False
www.maret.sk/p/192/ntc10k,SK,False,True,False
www.z1.sk/slide/hosting/company_banner-2/,SK,False,True,False
cq.sk/log-check-reporty-a-vysledky-z-cq-wpx-ssb-2021/,SK,False,True,False
www.legatum.sk/en:rem:r378,SK,False,True,False
www.rcsvet.sk/151-1-5,SK,False,True,False
abcrohace.sk/wp-content/themes/abc/galeria-kom.php?&t=194&idf=17885,SK,False,True,False
lekari.sk/kosice-sever,SK,False,True,False
www.archinfo.sk/ludia/stavebny-inzinier-iny-specialista/ing-matej-varso.html,SK,False,True,False
fede-amore.sk/ap/,SK,False,True,False
www.trencianskebohuslavice.sk/modules/file_storage/download.php?file=0dc1fd77%7C288,SK,False,True,False
www.dielenske-vybavenie.sk/kabelove-mosty/,SK,False,True,False
zlavy.odpadnes.sk/1206174-kompletne-cistenie-interieru-a-exterieru-s-ochranou-laku-auta-a-moznostou-tepovania.html,SK,False,True,False
www.mestomartin.sk/index.php?zobraz=fotogaleria&hlasovanie=5&odkel=45&fotkaid=65,SK,False,True,False
zastupitelstvo.bratislava.sk/data/att/34198.pdf,SK,False,True,False
petiar.sk/index.php/vselico,SK,False,True,False
www.tatryportal.sk/wp-admin/admin-ajax.php?action=eventon_ics_download&event_id=3120&ri=0&nonce=97d94b7783,SK,False,True,False
www.jasna.sk/pl/witaj/region/region-liptow,SK,False,True,False
abcrohace.sk/wp-content/themes/abc/galeria-kom.php?&t=194&idf=18073,SK,False,True,False
festra.sk/index.php/mechanizacia,SK,False,True,False
www.oficial.sk/tvorba-web-stranok-hurbanovo/,SK,False,True,False
www.zaclonovyraj.sk/sk_SK/c/Zaclony-hotove/148,SK,False,True,False
fashionup.sk/top/,SK,False,True,False
df-s.sk/,SK,False,True,False
www.aocp.sk/skusky/main.php?pg=20240422173504&cmd=vysledok,SK,False,True,False
licitator.sk/drazby/drazba/rd_v_obci_vinica/137,SK,False,True,False
zavadkanaspisi.sk/dokument/eset-spol-s-r-o-vernostna-licencia-pre2-pc-7049-eur-2/,SK,False,True,False
amunex.sk/novovyvinute-strelivo-stv-223-rem/,SK,False,True,False
www.melcice-lieskove.sk/evt_file.php?file=18083,SK,False,True,False
www.velkoobchod-tabacek.sk/prizdoba-perlicky-s-144-kremova-1014319/,SK,False,True,False
www.sav.sk/index.php?lang=en&doc=user-org-user&user_no=10429,SK,False,True,False
www.netky.sk/clanok/zomrel-legendarny-moderator-larry-king,SK,False,True,False
mareena.sk/en/podujatia-update-2,SK,False,True,False
www.hermes.sk/jagdhund-2/,SK,False,True,False
zdravieaenergia.sk/account/register,SK,False,True,False
vizitky-kosice.sk/vizitky-sablony.php?pageNum_Recordset1=54&amp;totalRows_Recordset1=1139,SK,False,True,False
www.blatnanaostrove.sk/modules/file_storage/download.php?file=f4272b3e%7C538&inline=1,SK,False,True,False
www.perlicka.sk/zdravotnicka-kosela-lujza/?parameterValueId=172,SK,False,True,False
www.dvepercenta.sk/details.php?organizationID=31885,SK,False,True,False
dev.unipharma.sk/pharmacy/benu-64/,SK,False,True,False
www.iautokozmetika.sk/p/1255/kefa-na-umyvanie-auta-prirodny-vlas-36cm,SK,False,True,False
snd.sk/en/profile/3495/csaba-kotlar,SK,False,True,False
chaletsia.sk/home1,SK,False,True,False
joanafashion.sk/cierny-top-s-dlhymi-nariasenymi-rukavmi.html,SK,False,True,False
www.upgates.sk/p/money-s3-konektor,SK,False,True,False
www.obecgerlachov.sk/modules/file_storage/download.php?file=8bbaa038%7C31,SK,False,True,False
www.krasnaves.sk/modules/file_storage/download.php?file=477c57b4%7C9&inline=1,SK,False,True,False
watson.sk/NZONLINE/chrono-formular.php?id=153969,SK,False,True,False
www.europa2.sk/8368/divoka-jazda-pokracuje-uz-v-decembri-si-vychutnas-tretie-pokracovanie-dobrodruznej-komedie/,SK,False,True,False
neta.servisclimax.sk/produkty?step1=1,SK,False,True,False
nordictec-shop.sk/165-izolacie-vymennikov-tepla,SK,False,True,False
www.friscotravel.sk/Vyhladavanie/?id_Stat=203,SK,False,True,False
www.krajne.sk/modules/file_storage/download.php?file=a5f3f1b6%7C1839,SK,False,True,False
relife.sk/facebook-rozmery-obrazkov/,SK,False,True,False
hiking.dennikn.sk/ga/33916/z_kosovky.html?ref=ga&rn=-3,SK,False,True,False
dev.e-spotrebice.sk/47_ariete,SK,False,True,False
totalmoney.sk/viaco/vyska-splatky-a-splacanie-uveru?__utmt=tm6417353776381%7Ctotalmoney.sk%7C%7C%7C%7C1679242551,SK,False,True,False
www.kaminvestovat.sk/banky/prehlad-bank.html,SK,False,True,False
www.sav.sk/?lang=sk&doc=user-org-user&user_no=8963,SK,False,True,False
www.trhovahradska.sk/modules/file_storage/download.php?file=43be6a24%7C77&inline=1,SK,False,True,False
aim.lps.sk/web/index.php?fn=1&lng=en&sess=1Arh1ceaV5tnUDIjxB2JJnx3hKnnKtAEDFBHEHDB,SK,False,True,False
rhodos.sk/index.php?id=kallithea,SK,False,True,False
www.ta3.sk/IAUC22DB/MDC2022/Roje/pojedynczy_obiekt.php?lporz=01184&kodstrumienia=00602&colecimy=2&kodmin=00003&kodmax=01223&lpmin=00025&lpmax=01712&sortowanie=0,SK,False,True,False
zverejnovanie.skgeodesy.sk/vugkb/faktury/df/0030/20/,SK,False,True,False
tajomstvazdravia.sk/tajomstva-zdravia/tajomstva-zdravia-147/,SK,False,True,False
www.radost-relax.sk/lotyssko-kuld-ga-waterfall,SK,False,True,False
vvzs.mil.sk/index.php?ID=97801,SK,False,True,False
mojazbierka.sk/index.php?m=bankovka&id=211,SK,False,True,False
pzi.ladce.sk/?c=2849-ukoncenie-skolskeho-roka-v-zs,SK,False,True,False
www.kralovaprisenci.sk/modules/file_storage/download.php?file=eccbaad6%7C33,SK,False,True,False
trickovy.sk/249-50-rokov,SK,False,True,False
hiking.dennikn.sk/ga/11921/jar_pod_velkou_homolkou_l.html?ref=ga&rn=2,SK,False,True,False
vvzs.mil.sk/index.php?ID=100235,SK,False,True,False
studiostihlejlinie.sk/?d=39,SK,False,True,False
www.dvepercenta.sk/details.php?organizationID=26983,SK,False,True,False
www.asb.sk/stavebnictvo/realizacia-stavieb/vyrobna-hala-v-pasivnom-standarde-s-oknami-geneo/attachment/iss_9583,SK,False,True,False
www.oficial.sk/tvorba-web-stranok-myjava/,SK,False,True,False
janckulik.sk/117-kablove,SK,False,True,False
www.partneri.sk/login.php?next=%2Fuser.php%3Fuserid%3D2495596,SK,False,True,False
watson.sk/NZONLINE/chrono-formular.php?id=148923,SK,False,True,False
abcrohace.sk/wp-content/themes/abc/galeria-kom.php?&t=194&idf=18009,SK,False,True,False
katechizmus.sk/index.php/register/prislusnost,SK,False,True,False
zastupitelstvo.bratislava.sk/data/att/33034.pdf,SK,False,True,False
hiking.dennikn.sk/ga/60962/este_jedna.html?ref=ga&rn=3,SK,False,True,False
www.aurumpro.sk/investicne-zlate-mince/p-mincovna/rand-refinery,SK,False,True,False
hiking.dennikn.sk/ga/36397/veza_pod_skokom_a_stena_pod_skokom.html?ref=ga&rn=3,SK,False,True,False
wp-zlavy.sk/zlavy/3420/,SK,False,True,False
www.marni.sk/eritrea-dovolenka-mai-wu-ui,SK,False,True,False
ecovis.sk/index.php?id=4,SK,False,True,False
mojazbierka.sk/index.php?m=bankovka&id=55,SK,False,True,False
zmluvy.fntt.sk/index.php?session=59ec7503d2027814b66e463894787b32&category=3&page=14&contract=759,SK,False,True,False
ekatalog.fonet.sk/category/Pamate/174?zoneId=,SK,False,True,False
aim.lps.sk/web/index.php?fn=201&publ_type=1&publ_cycle=0&lng=sk&sess=pu2T49Nml1B1GybOPemhf41uOqGUlBrqFGACEHDB,SK,False,True,False
www.legatum.sk/en:rem:r484,SK,False,True,False
www.podtatrami.sk/region-zamagurie/,SK,False,True,False
www.elektroantos.sk/nastenny-pohybovy-senzor-mikrovlnny-180-10s-12min-ip44-biely-tmb-152r/,SK,False,True,False
centratech.tnuni.sk/index.php?id=186&L=gqdhmrmpsj%27,SK,False,True,False
www.kosice-region.sk/,SK,False,True,False
www.aocp.sk/skusky/main.php?pg=36565498&id_skuska_termin=10145&cmd=registrovat,SK,False,True,False
www.divokavoda.sk/wp-content/uploads/Ubytovaci-poriadok-kempingu-Divoka-Voda_2023.pdf,SK,False,True,False
www.top-inzerat.sk/,SK,False,True,False
www.happyoutlet.sk/financovanie-auta-roznava,SK,False,True,False
www.mokrohajska.sk/web/bazen/rozvrh-bazenov/,SK,False,True,False
www.zivekamery.sk/webkamera-live/150-funpark,SK,False,True,False
vianoce.sk/index.php?ID=18892,SK,False,True,False
www.stitare.sk/modules/file_storage/download.php?file=4e06d798%7C401&inline=1,SK,False,True,False
tombus.sk/index.php/autobusova-doprava/8-login/8-login,SK,False,True,False
erasmus.tnuni.sk/index.php?id=194&L=900,SK,False,True,False
www.upsvar-vk.sk/zamestnanost/mechanik-strojar-aj-nevyuceny/,SK,False,True,False
www.kokiskashop.sk/zahradny-plastovy-vozik-easy-go-55l-zeleny-P30324/,SK,False,True,False
www.stkvajnory.sk/osobne-auta-a-motocykle/,SK,False,True,False
hiking.dennikn.sk/ga/29948/skuska.html?ref=ga&rn=1,SK,False,True,False
www.mojakomunita.sk/ru/web/stefan.hrbcek/jozef-krisanda,SK,False,True,False
nbs.sk/dokument/f70ae2a2-80bc-46e4-918e-7892800a7437/stiahnut/?force=true,SK,False,True,False
hiking.dennikn.sk/ga/50598/kral_vratnej_v_zimnom_sate.html?ref=ga&rn=0,SK,False,True,False
www.dnes24.sk/nad-sa-citi-pocteny-dostal-cenu-ktoru-udeluju-osobnostiam-svetovej-politiky-422241,SK,False,True,False
www.mojespanie.sk/error/404.html,SK,False,True,False
brishka.sk/pdfviewer/rozvrh/?auto_viewer=true,SK,False,True,False
www.vianocedarceky.sk/sms-vianocne-pranie/,SK,False,True,False
www.itapa.sk/data/att/745/5496.145215.pdf,SK,False,True,False
www.kanluxpredomov.sk/logi-trojnasobny-vertikalny-ramik-strieborna_d39133.html,SK,False,True,False
www.tramatm.sk/sk/verification,SK,False,True,False
www.anmarcomp.sk/quad-lock/,SK,False,True,False
zverejnovanie.region-bsk.sk/00605808/faktury/dfbv/0108/24/,SK,False,True,False
www.abstore.sk/archivacna-spisova-skrina-s-presklenymi-dverami-sps-s1-c,SK,False,True,False
www.straus.sk/auta/,SK,False,True,False
akciazet.sng.sk/pridane/snd-v-sng-milada,SK,False,True,False
www.tvojregal.sk/kovovy-nabytok/kovova-dielenska-skrinka-ws1/,SK,False,True,False
matica.sk/wp-admin/admin-ajax.php?action=eventon_ics_download&event_id=60723&sunix=20240428T123000Z&eunix=20240428T160000Z&loca=&locn=,SK,False,True,False
talestudio.sk/content/xjsvqf/obgpbo-c.html,SK,False,True,False
www.avelmak.sk/index.php?lm=1517,SK,False,True,False
www.tik.sk/en/region/okres-pezinok/jablonec/,SK,False,True,False
www.slavec.sk/modules/file_storage/download.php?file=84b1c393%7C179&inline=1,SK,False,True,False
www.isis.sk/sperk-kazdeho-auta/,SK,False,True,False
zajazdy.delfintour.sk/Vyhladavanie/?id_Oblast=1208&id_Stat=173,SK,False,True,False
155.sk/155_sutaz_clanok/,SK,False,True,False
www.graef.sk/krajace/173-krajac-graef-sks-10002,SK,False,True,False
www.profini.sk/aol-zvysi-cenu-svojich-internetovych-sluzieb/,SK,False,True,False
promotheus.sk/svidnik/o2/sov-hrdinov-f12,SK,False,True,False
touchit.sk/amazon-kupuje-irobot/432321,SK,False,True,False
letenky.poletim.sk/myanmar-barma/RGN-yangon/,SK,False,True,False
hiking.dennikn.sk/ga/63622/navrat.html?ref=ga&rn=-3,SK,False,True,False
www.autosk.sk/Suchy-stierac-200-ml-d523.htm,SK,False,True,False
www.sportfire.sk/69-c38-so-spojkami-metalis,SK,False,True,False
www.mrtravel.sk/Vyhladavanie/?id_Stat=176,SK,False,True,False
karna.sk/uradna_tabula?id=2920,SK,False,True,False
www.lesspol.sk/fotogaleria?154?217?32,SK,False,True,False
www.ta3.sk/IAUC22DB/MDC2022/Roje/pojedynczy_obiekt.php?lporz=01206&kodstrumienia=00622&colecimy=2&kodmin=00003&kodmax=01223&lpmin=00025&lpmax=01712&sortowanie=0,SK,False,True,False
www.muziker.sk/spiuk-oroma-mtb-black-43,SK,False,True,False
www.upsvar-vk.sk/zamestnanost/agronom-2/,SK,False,True,False
www.hymer-slovakia.sk/obytne-auta/b_klasse-moderncomfort-t/prevedenia,SK,False,True,False
watson.sk/NZONLINE/chrono-formular.php?id=153588,SK,False,True,False
www.m-link.sk/jobe-triplet-3p/,SK,False,True,False
snd.sk/en/profile/1575/pavol-remenar,SK,False,True,False
www.fstavenergy.sk/zasuvka-merten-mtn2600-0325-1-nasobna-s-clonkami-active-biela/,SK,False,True,False
www.vydrany.sk/modules/file_storage/download.php?file=5ca3043c%7C3145,SK,False,True,False
www.dubravy.sk/modules/file_storage/download.php?file=d13f3040%7C183,SK,False,True,False
rogicom.sk/index.php?page=142&jazyk=1&idkat=112&idmen=0&modul=0,SK,False,True,False
www.zskrajne.sk/joomla/index.php/rozbehni-sa,SK,False,True,False
www.finsider.sk/analyzy/bnp-paribas-hlada-stabilitu-a-trvaly-rast/,SK,False,True,False
vianoce.sk/index.php?ID=29036,SK,False,True,False
www.witflex.sk/ako-nastavit-povolene-precerpanie-vub-velky-krtis,SK,False,True,False
www.paneuropskepravnickelisty.sk/index.php/doc-judr-et-ing-branislav-cepek-phd/,SK,False,True,False
www.textilmania.sk/latky-podla-farby/latky-zelene?manage=0,SK,False,True,False
fantasyknihy.multiverzum.sk/cs/stara-flotila-roj-nick-webb/,SK,False,True,False
talestudio.sk/content/pggaib/zjmrry-c.html,SK,False,True,False
vvzs.mil.sk/index.php?ID=84522,SK,False,True,False
www.sijem.sk/Schmetz-ihly-134-R-serv7-70-d1607.htm,SK,False,True,False
www.michalova.sk/modules/file_storage/download.php?file=5ccc1a51%7C114,SK,False,True,False
hiking.dennikn.sk/ga/3213/zapadne_tatry_od_tatralandie.html?ref=ga&rn=-1,SK,False,True,False
zverejnovanie.region-bsk.sk/?page=1,SK,False,True,False
studiosk.sk/192-kaplnka-sv-michala/,SK,False,True,False
secure.tkkbs.sk/view.php?cisloclanku=20231009022,SK,False,True,False
www.oryx.sk/home/2371-rottner-yukon-5-s1-min-15ru-skrina-na-zbrane-siva.html,SK,False,True,False
www.dvepercenta.sk/details.php?organizationID=22354,SK,False,True,False
www.slangesport.sk/sportove-vybavenie-186/zjazdove-lyzovanie-253/lyziarky-panske-266/,SK,False,True,False
vinopolis.sk/content/2-reklamacny-poriadok,SK,False,True,False
zmluvy.fntt.sk/index.php?session=ae65f0704be124b5386dcb6cc4e7f13a&category=3&page=6,SK,False,True,False
tvojenaradie.sk/vlastnost/rozmery-d-x-s-x-v/1-221-x-192-x-225-mm/,SK,False,True,False
www.pis.sk/diskusia/4773/odbornik/?re=75710,SK,False,True,False
mbtechnic.sk/zahradne-traktory/zahradne-traktory-ridery/lr1-mr76-76cm-cub/,SK,False,True,False
5penazi.sk/vzdelavaci-obsah/zivotne-situacie/page/3/?gclid=CjwKCAjww_iwBhApEiwAuG6ccFZiE-5dJ3kcR1xMchsO9-GqG55jUHh7_eEIQ5CAg3up3ADhEZK9phoCixsQAvD_BwE,SK,False,True,False
www.zsnptrade.sk/ci-h-sorter/,SK,False,True,False
aim.lps.sk/web/index.php?fn=203&lng=sk&sess=4180q2XOvp84qE4P7GDl91jfV3ook8kHHFJADCDB,SK,False,True,False
www.transparex.sk/databaza-firiem-organizacii?country=sk&region=1,SK,False,True,False
statistika.atletika.sk/prihlaska/Account/LogOn?id=76358&idGroup=0,SK,False,True,False
www.primework.sk/Urgent-125-Black-S1-Pracovne-bagance-SRA,SK,False,True,False
www.vub.sk/ludia/nas-svet/udrzatelnost/haaziq-kazi-inspiruje-kolegov-z-intesa-sanpaolo-k-svetovemu-dnu-zivotneho-prostredia.html,SK,False,True,False
www.vypadni.sk/en/User/Account/Login?returnUrl=/en/jasov-monastery,SK,False,True,False
www.mojandroid.sk/o2-vypadok-sluzieb/,SK,False,True,False
www.ekotechnik.sk/homepage-3/,SK,False,True,False
sebronarms.sk/produkt/tikka-t1x-mtr-kal-22lr-ns-10rd-20in-mt1-2x28-unef/,SK,False,True,False
dogforum.sk/index.php?sid=b4595c3241b634c92f6224de12b212a7&mobile=mobile,SK,False,True,False
levservis.sk/vypocotova-cp/,SK,False,True,False
verejnasprava.vdu.sk/32/vyhladavanie/?ns=213,SK,False,True,False
www.naillux.sk/obchod-139/pomocne-pripravky-144/dezinfikacia-171,SK,False,True,False
hornemyto.sk/wp-admin/admin-ajax.php?action=eventon_ics_download&event_id=6328&ri=0,SK,False,True,False
hiking.dennikn.sk/ga/49155/na_adamculi.html?ref=ga&rn=0,SK,False,True,False
www.aocp.sk/skusky/main.php?pg=36565498&id_skuska_termin=10557&cmd=registrovat,SK,False,True,False
fvo.sk/wp/?m=201307,SK,False,True,False
www.akuna.sk/Account/ActivateAkunaAccount,SK,False,True,False
www.ckpanstvo.sk/DOMAIN/sk/index.php,SK,False,True,False
unibook.upjs.sk/en/unibook/142-nasilie-v-ludskej-spolocnosti-a-agresia-cloveka-300624,SK,False,True,False
hiking.dennikn.sk/ga/17058/na_hrebeni_sucheho.html?ref=ga&rn=-2,SK,False,True,False
hiking.dennikn.sk/ga/34867/v_zavere_monkovej_doliny.html?ref=ga&rn=2,SK,False,True,False
www.naradie-priemyselne.sk/pneumaticka-vtacka-ingersoll-rand-5lk1-eu,SK,False,True,False
poprad.dnes24.sk/spravy/strana/151,SK,False,True,False
zastupitelstvo.bratislava.sk/data/att/32705.pdf,SK,False,True,False
gartech.sk/157-pilove-kotuce,SK,False,True,False
www.belfirin.sk/index.php?action=profile&id=20319,SK,False,True,False
images.google.sk/url?q=ruletsiteleri.mobi,SK,False,True,False
www.aib.sk/seminare/1088-writefull-automaticka-korektura-odbornych-textov-v-anglictine/,SK,False,True,False
www.odletim.sk/241/za-exotikou-s-najlacnejsimi-letenkami/komentare/,SK,False,True,False
www.ryanair-lacneletenky.sk/akciove-letenky-ryanair/news_letenky-do-barcelony-z-viedne-a-spat-za-53-eur/,SK,False,True,False
www.matshop.sk/login,SK,False,True,False
www.naradie-priemyselne.sk/pneumaticky-utahovak-ingersoll-rand-qa4asrs015bf41s06,SK,False,True,False
mosrzsnv.sk/?pages=open&id=146,SK,False,True,False
www.litex.sk/plavky/dvojdielne-plavky/plavkove-nohavicky-bokove-50555,SK,False,True,False
hiking.dennikn.sk/ga/66915/lesna_vila.html?ref=ga&rn=-2,SK,False,True,False
hiking.dennikn.sk/ga/50607/silvestrovska_ranna_nalada.html?ref=ga&rn=1,SK,False,True,False
www.galovany.sk/modules/file_storage/download.php?file=95b5f5d8%7C698,SK,False,True,False
cimrman.sk/index.php?idnumber=248&cimrpor=8,SK,False,True,False
office.optimakosice.sk/technologicke-vyrobky-1/datove-nosice-3,SK,False,True,False
www.sanchotour.sk/ajurveda-69/,SK,False,True,False
www.jumbomarket.sk/p/nitro-daypacker-true-black-2cfe,SK,False,True,False
slovenskespravy.sk/obrovske-nestastie-v-malej-fatre-turista-stazene-dychal-a-prestaval-komunikovat-zachranari-mu-uz-nedokazali-pomoct-2/,SK,False,True,False
www.crownshop.sk/Ochranne-deky-do-auta-c10012_7303_3.htm,SK,False,True,False
zlatomoravcan.sk/hsbc-logo-vector/,SK,False,True,False
old.slovozivota.sk/index.php/en/aktuality/198-rozhovor-s-urbanom-karlssonom,SK,False,True,False
www.excellentcars.sk/dovoz-auta/3362411/kubota-kosacka-18kw,SK,False,True,False
alibaba.sk/proti-odpocuvaniu-a-sledovaniu/ako-sa-branit-proti-odpocuvaniu/interception/,SK,False,True,False
www.mysticday.sk/?login&forgotten_password,SK,False,True,False
autoskolaprestige.sk/wp-content/uploads/ESD_-_DA_-eLearnig_pre_ucastnikov.pdf,SK,False,True,False
rcmodely.cevaro.sk/index.php?id=113,SK,False,True,False
www.ku.sk/app/cmsFile.php?ID=111&disposition=i,SK,False,True,False
zalobyvocistatu.sk/informacie-advokata/fiasko-ustavneho-sudu-sr/?fbclid=IwAR29cU2kqpPiJzf5vVfv-LMPbXQPeWwcTWpoaAcbNttHlctH-I3MXH3-rFg,SK,False,True,False
kinexbearings.sk/files/certifikaty/NADCAP_AC7102_HT.pdf,SK,False,True,False
www1.zsbethlena.sk/fantasticky-uspech-bethlenky-v-celoslovenskom-kole-recitacnej-sutaze/,SK,False,True,False
www.mbkkarlovka.sk/zapas/ml-ziaci-mbk-karlovka-bkm-spu-nitra-2/,SK,False,True,False
www.hamikovo.sk/index.php/burza/,SK,False,True,False
ais2.uniba.sk/ais/sso/samlsso?SAML2.HTTPBinding=HTTP-POST,SK,False,True,False
www.kreativka.sk/Tekuta-glazura-Pouring-glaze-230-ml-d10541.htm,SK,False,True,False
www3.doprava.radiokosice.sk/user/56dddf984526ca19d0f783f9,SK,False,True,False
hiking.dennikn.sk/ga/16916/ako_na_dlani.html?ref=ga&rn=0,SK,False,True,False
www.futbalbfz.sk/wp-content/uploads/US-c.38-zo-dna-12042023.pdf,SK,False,True,False
www.lubovec.sk/modules/file_storage/download.php?file=6f9597fe%7C5&inline=1,SK,False,True,False
rozhybsa.sk/main.php?prihlas-sa,SK,False,True,False
www.mhsr.sk/uploads/files/tFQcWJdr.pdf,SK,False,True,False
www.boleraz.sk/modules/file_storage/download.php?file=1c1ff83d%7C451,SK,False,True,False
kategorizacia.mzsr.sk/Lieky/Common/SummaryDetails/227,SK,False,True,False
www.lipka-ng.sk/user/Romankooooo#contentBox,SK,False,True,False
apliblog.sk/advokat-ktery-si-veri-zaridil-rehabilitace-pro-stovky-odpiracu-vojny-i-vlastizradce-generala-syroveho/,SK,False,True,False
www.budemvolit.sk/najvyhodnejsie-financovanie-auta-velky-krtis,SK,False,True,False
www.sasarch.sk/index.php?galeria_id_ukaz=9&menu_id_ukaz=10101010111001,SK,False,True,False
kralovbrod.sk/wp-content/uploads/uznesenie-vlady-SR-115.pdf,SK,False,True,False
www.stitare.sk/modules/file_storage/download.php?file=73d49839%7C532&inline=1,SK,False,True,False
web.gymlm.sk/index.php/dalsie-aktivity/partnerstva/ziacka-skolska-rada/statut,SK,False,True,False
om3cu.sk/?p=155,SK,False,True,False
www.kosicka52.sk/4-np-4/,SK,False,True,False
kvitok.sk/problemy/milie-upchate-pory/,SK,False,True,False
rubriky.soks.sk/wp-content/plugins/rubriky/www/hl/r1980/hl_1045.php,SK,False,True,False
dochadzka.aku.sk/index.php?session@lang=eng,SK,False,True,False
hiking.dennikn.sk/ga/36022/jesen_na_polskom_hrebeni.html?ref=ga&rn=-2,SK,False,True,False
www.thegrind.sk/vidlica-addict-switchblade-l-ics-hic-polished,SK,False,True,False
www.cyklocentrumplus.sk/brzda-hydraulicka-sh-mt401-predna/,SK,False,True,False
www.3an.sk/index.php?tbFiltIdFirmy=1&tbFiltIdKat2=35,SK,False,True,False
www.naradie-priemyselne.sk/pneumaticky-skrutkovac-ingersoll-rand-ld1214rd5-q4,SK,False,True,False
nil.uniza.sk/kamailio-31-ipv6/,SK,False,True,False
www.decotrend.sk/fototapeta/samolepiace-dekoracie-stare-auto-173,SK,False,True,False
listky.ulib.sk/pk0/index.php?id1=g&id2=01&id3=000001,SK,False,True,False
www1.zsbethlena.sk/oznam-skolskej-jedalne/,SK,False,True,False
stavebnictvo.sk/profile/MartinKrapa,SK,False,True,False
files.futbalshviezdickou.sk/index.php?start=308,SK,False,True,False
www.topkomenty.sk/5-bonusovych-top-komentov-125/,SK,False,True,False
www.moviemania.sk/trailery/142/,SK,False,True,False
mshliny7.sk/index.php/triedy,SK,False,True,False
www.asb.sk/stavebnictvo/fasady-argeton-presvedcia-aj-narocnejsieho-investora,SK,False,True,False
hiking.dennikn.sk/ga/41861/hala_srubita.html?ref=ga&rn=-1,SK,False,True,False
www.nabytokgabcikovo.sk/Soro-41-d2905.htm,SK,False,True,False
web.autofrim.sk/e-motocykle/?lang_ver=YkSUP2854,SK,False,True,False
www.municak.sk/ohranicujuca-paska-security-zlta-46936299a,SK,False,True,False
talestudio.sk/content/mgipfg/xdmmgm-c.html,SK,False,True,False
www.fanklubfutbalsvk.sk/fanklubaci-zo-zahranicia/,SK,False,True,False
web.pssr.sk/index.php/sk/zmluvy/,SK,False,True,False
dev.unipharma.sk/pharmacy/vydajna-zdravotnickych-pomocok-bardejov/,SK,False,True,False
www.dvepercenta.sk/details.php?organizationID=9187,SK,False,True,False
samlife.sk/147-kable-a-konektory,SK,False,True,False
snd.sk/en/profile/3280/miroslav-vilman,SK,False,True,False
vvzs.mil.sk/index.php?ID=71618,SK,False,True,False
abc.tradi.sk/cirkev/232-bazilika-estrela-v-lisabone-prvy-chram-v-historii-zasvaeteny-bozskemu-srdcu-jezisovmu,SK,False,True,False
www.jablonec.sk/modules/file_storage/download.php?file=f7642690%7C242&inline=1,SK,False,True,False
www.jhl.sk/referencie/fotogaleria?242,SK,False,True,False
www.poharebest.sk/trofej-ml-soc1-futbal/,SK,False,True,False
www.branovo.sk/modules/file_storage/download.php?file=4877aa0e%7C68&inline=1,SK,False,True,False
www.hitaudio.sk/index.php,SK,False,True,False
www.obeczlatna.sk/modules/file_storage/download.php?file=b814544e%7C2091&inline=1,SK,False,True,False
hiking.dennikn.sk/ga/66913/cergov_sedlo_zdiare.html?ref=ga&rn=2,SK,False,True,False
motoride.sk/?login=extreem,SK,False,True,False
trnava.dnes24.sk/hroziva-nehoda-za-bolerazom-posadka-vysla-zo-zdemolovaneho-auta-po-vlastnych-441000,SK,False,True,False
www.smarty.sk/nabijacky-4c4041,SK,False,True,False
www.hardstreet.sk/rychla/sms-pozicka-do-100eur,SK,False,True,False
www.nspbr.sk/web/administrativa/usek-riaditela/,SK,False,True,False
www.ekoreklama.sk/elementor-119/,SK,False,True,False
dumbox.sk/index.php/cennik,SK,False,True,False
kupelna-rea.sk/sprchy/sprchove-supravy.html,SK,False,True,False
www.tretia-trieda-2.msobrancovmieru.sk/profile/barrettclayborne6/profile,SK,False,True,False
katechizmus.sk/index.php/register/rucho,SK,False,True,False
m.motoride.sk/?login=OKOzMI,SK,False,True,False
aim.lps.sk/web/index.php?fn=206&lng=en&sess=Nu1AoB2erNCbSHICa1N38r1nSQXTR9tLDGECCGDB,SK,False,True,False
djp.sk/aktualita/rozpravky-po-telefone,SK,False,True,False
youtuber.sk/aeromobil-3-0-prototyp-uz-testuju-nad-nitrou/,SK,False,True,False
dev.unipharma.sk/pharmacy/poliklinika-i-zeleny-sen-plucne/,SK,False,True,False
tichepc.sk/NTB-PC-a-Servery/PC-Zostavy/PC-vykonne-stanice/c001051003007.html,SK,False,True,False
zajazdy.topas.sk/Vyhladavanie/?id_Stat=153,SK,False,True,False
www.igram.sk/modules/file_storage/download.php?file=bb4f3d01%7C70&inline=1,SK,False,True,False
www.sulivet.sk/index.php?f014u8qs6ca655ewcez74h,SK,False,True,False
scd.sk/publikacia-kniznice/slavne-kupele-slovenska/,SK,False,True,False
www.steba.sk/ryzovary/255-ryzovar-steba-rk-4-m,SK,False,True,False
aim.lps.sk/web/index.php?fn=201&publ_type=1&publ_cycle=0&lng=en&sess=OP29mA6dLQNrbcqSqSBvePLt31iQIDA5JEIDEHDB,SK,False,True,False
www.sspol.sk/index.php?s=main,SK,False,True,False
www.dopplershop.sk/zahradne-hojdacky/5140-aruba-zahradna-zavesna-hojdacka-9003034264449.html,SK,False,True,False
www.obecporubka.sk/files/5155-WSG22-11Info1de.pdf,SK,False,True,False
www.commerzbank.sk/portal/en/cb/sk/metanavigation-cb/weltweit/worldmap_standard.html,SK,False,True,False
www.felymayacht.sk/web/,SK,False,True,False
www.reedog.sk/protistekacie-obojky/sportdog-nobark-sbc-r-e,SK,False,True,False
vvzs.mil.sk/index.php?ID=35811,SK,False,True,False
zlatnictvohalasova.sk/content/mflfmv/vhnbor-c.html,SK,False,True,False
diak.sk/wp-content/uploads/halsaj.pdf,SK,False,True,False
app.ulekara.sk/cs,SK,False,True,False
www.sjske.sk/old/wp-content/uploads/Zmluva_20150005.pdf,SK,False,True,False
www.zsszabo.sk/szabogyula/-/237-9-c,SK,False,True,False
hiking.dennikn.sk/ga/9592/nieco_tu_vykuka.html?ref=ga&rn=2,SK,False,True,False
cimrman.sk/index.php?idnumber=121&cimrpor=1,SK,False,True,False
centratech.tnuni.sk/index.php?id=124&L=hczkvfvn,SK,False,True,False
hiking.dennikn.sk/ga/53830/muzeum_zeleznej_opony.html?ref=ga&rn=1,SK,False,True,False
tmfsr.sk/sk/login/115,SK,False,True,False
www.obecgeca.sk/modules/file_storage/download.php?file=d01f0279%7C210,SK,False,True,False
www.radimov.sk/modules/file_storage/download.php?file=8f58f61b%7C19&inline=1,SK,False,True,False
zverejnovanie.region-bsk.sk/31750761/faktury/dfbv/0115/23/,SK,False,True,False
hiking.dennikn.sk/ga/48902/prvy_sneh_v_nizkych_tatrach.html?ref=ga&rn=-3,SK,False,True,False
predporodnapriprava.sk/index.php?location=/Aktivity-stranky/Zaujimave-odkazy&view_article&main_section=3&section=236&tab_article&subtab_article,SK,False,True,False
slobodnyvysielac.sk/relacia/tajomstva-zdravia-113/,SK,False,True,False
zastupitelstvo.bratislava.sk/data/att/13428.pdf,SK,False,True,False
psk.sk/najom-nehnutelneho-majetku-psk-casti-pozemkov-v-k-u-kapusany-z-dovodu-hodneho-osobitneho-zretela/,SK,False,True,False
www.uts.sk/splatka-bank-moneta-bank-internetove-bankovnictvi,SK,False,True,False
totalmoney.sk/viaco/zabezpecenie-hypotekarneho-uveru?__utmt=tm6421fd83e6eb2%7Ctotalmoney.sk%7C%7C%7C%7C1679949187,SK,False,True,False
talestudio.sk/content/qffefy/paqpdc-c.html,SK,False,True,False
www.autodoc.sk/amc/8267804,SK,False,True,False
hiking.dennikn.sk/ga/15428/borovice.html?ref=ga&rn=-3,SK,False,True,False
circlevillesportsshow6104.nanete.sk/admin,SK,False,True,False
obecne-noviny.sk/pdf/flipbook?id=159,SK,False,True,False
imteshop2.dev.gls.sk/sk/produkt_vyber/vypredaj/vypredaj,SK,False,True,False
hiking.dennikn.sk/ga/53737/vadicovska_jesen.html?ref=ga&rn=3,SK,False,True,False
www.dupkala.sk/misko/index.php?idSess=11d977a7f533e2cbd39e91a29faaeee8,SK,False,True,False
w1.weblahko.sk/index.php?menu1r=2&stiznost=true&surl=panelak.websnadno.eu%252FFotky.html&sreferer=,SK,False,True,False
www.igorvranuch.sk/terka-ado/terkaadoweb-168/,SK,False,True,False
datasolution.sk/index.php?page=enc&znak=B&cs=119,SK,False,True,False
zastupitelstvo.bratislava.sk/data/att/34440.pdf,SK,False,True,False
www.danielhrenak.sk/194/,SK,False,True,False
rubriky.soks.sk/wp-content/plugins/rubriky/www/nike/r2000/nike_20001025.php,SK,False,True,False
www.filozofia.sav.sk/sites/default/files/doc/filozofia/1981/2/199-201.pdf,SK,False,True,False
freshidea.sk/referencie/sp-finance-a-s.html,SK,False,True,False
jml.domsvitania.sk/index.php/aktivity-mainmenu-6/139-ucime-sa-varit-alebo-fantazia-v-kuchyni,SK,False,True,False
www.bratislavak.sk/temy/att,SK,False,True,False
dev.unipharma.sk/pharmacy/samaritan/,SK,False,True,False
informatika.sk/web/sk/app/document/34,SK,False,True,False
www.toprecept.sk/amp/masite-jedla/246/Kuracie-sote-so-syrovou-omackou,SK,False,True,False
www.specialone.sk/p/aquapure-pro-250-ml/122,SK,False,True,False
www.drmax.sk/platene-prestieradlo-s-gumou-90x200-172-208-biela-kava,SK,False,True,False
www.lesspol.sk/fotogaleria?141?153?139?187,SK,False,True,False
www.martinslovik.sk/reinel-tvorba-identity-a-navrh-webdizajnu/,SK,False,True,False
www.mbterm-krby.sk/p/216-kratki-220-x-220-ciernomedena-krbova-mriezka/,SK,False,True,False
www.vk-vysavace.sk/pevna-sacia-hlava-vorwerk/,SK,False,True,False
martus.sk/vysekavanie/?gad_source=1&gclid=CjwKCAjwuJ2xBhA3EiwAMVjkVAgEYlBs7Aq486OciX1P5BZJTk4rAXwh-xDJvGmEVLsWA0W63kko3RoCIAwQAvD_BwE,SK,False,True,False
www.aocp.sk/skusky/main.php?pg=36565498&id_skuska_termin=10081&cmd=registrovat,SK,False,True,False
zastupitelstvo.raca.sk/data/att/10615.pdf,SK,False,True,False
www.partneri.sk/login.php?next=%2Fuser.php%3Fuserid%3D2484631,SK,False,True,False
www.restoreshop.sk/It-s-Win-WINC-202-mikrovlaknova-rukavica-zlta-d2903.htm,SK,False,True,False
www.strana-smer.sk/index.php/aktuality/facebook/183,SK,False,True,False
www.mylady.sk/peniaze-cez-mobil-do-auta,SK,False,True,False
www.fork.sk/?run=content&id=242&lang=sk,SK,False,True,False
www.naps.sk/sk/2022/prezident-ivan-gasparovic-navstivil-kancelariu-naps/,SK,False,True,False
www.naradie-priemyselne.sk/pneumaticka-vtacka-ingersoll-rand-1p38st4,SK,False,True,False
www.velkapaka.sk/modules/file_storage/download.php?file=a36e8b91%7C221,SK,False,True,False
www.info-poprad.sk/penzion-barborka/index.html,SK,False,True,False
esynonyma.sk/synonymum-odbornik-177,SK,False,True,False
hiking.dennikn.sk/ga/67077/kde_sa_voda_sypala_a_piesok_sa_lial.html?ref=ga&rn=-3,SK,False,True,False
dlznik.zoznam.sk/socialna-siet/ing-dominik-hapl,SK,False,True,False
www.novaline.sk/dekoracie/vona-do-auta,SK,False,True,False
ossr.sk/index.php?ID=70085,SK,False,True,False
vvzs.mil.sk/index.php?ID=70076,SK,False,True,False
www.obectelgart.sk/modules/file_storage/download.php?file=52551d1f%7C125,SK,False,True,False
hiking.dennikn.sk/ga/35911/z_jahnacieho_s.html?ref=ga&rn=-1,SK,False,True,False
hitjezdravozit.sk/pomazanka-zo-slzovky-belugy/,SK,False,True,False
www.info-kosice.sk/definelo-s-r-o/index.html,SK,False,True,False
www.sbagency.sk/?fbclid=IwAR32NctE8npC9z8IElfY25iB8mthAnO9sO7QtcYSHfQuMx_31wIPCxu9bl8,SK,False,True,False
www.mojandroid.sk/fast-facebook-beta-nahrada-za-original-facebook-aplikaciu/,SK,False,True,False
dev.unipharma.sk/pharmacy/elixir-s-r-o/,SK,False,True,False
zbranebudai.sk/sako-sako-s20-hunter-kal-308win-ns-h237-tst-5rd-fl-20in-mt5-8-24-b,SK,False,True,False
hiking.dennikn.sk/ga/4810/oblaky.html?ref=ga&rn=-3,SK,False,True,False
hiking.dennikn.sk/ga/35519/rychla_zmena.html?ref=ga&rn=2,SK,False,True,False
www.mudrujem.sk/online-podpora-zakaznikov/5-diel-v-hlavnej-ulohe-facebook-a-messenger/,SK,False,True,False
www.vymena-displeja.sk/54316-nabijacka-fujitsu-esprimo-mobile-v5545-65w.html,SK,False,True,False
www.areta.sk/kategoria-produktu/main-category/s1-zabezpecovacia-technika/s2-jablotron/s3-jablotron-ovladacie-prvky/s4-jablotron-ovladacie-prvky-klavesnice-pristupove-moduly/,SK,False,True,False
marketingplayer.sk/nastroj/wp-content-crawler/,SK,False,True,False
www.adriandrska.sk/index.php/elementor-3800/screenshot_5/,SK,False,True,False
ossr.sk/103614/index.php?ID=12161,SK,False,True,False
www.sladkovicovo.sk/modules/file_storage/download.php?file=6c4f89a0%7C366&inline=1,SK,False,True,False
hiking.dennikn.sk/ga/33174/solisko.html?ref=ga&rn=-2,SK,False,True,False
obeclukavica.sk/index.php/home?start=45,SK,False,True,False
pindex.sk/profesor/12687-doc-ing-oskar-ostertag-phd,SK,False,True,False
autoride.sk/auta/jaguar,SK,False,True,False
www.kolarovo.sk/modules/file_storage/download.php?file=3454534b%7C522&inline=1,SK,False,True,False
babkarskabystrica.sk/?fbclid=IwAR0MI_mfBG3_ClSkKBLRZFQDuuFgEgWTjo6iJBdLEysMFtf6-mJCS3j8Of4,SK,False,True,False
www.aocp.sk/skusky/main.php?pg=36565642&id_skuska_termin=10080&cmd=registrovat,SK,False,True,False
zastupitelstvo.bratislava.sk/data/att/34823.pdf,SK,False,True,False
www.oldgames.sk/en/loginpage.php?redirpage=%2Fen%2Freviewer.php%3Freviewer%3D184,SK,False,True,False
zabokreky.sk/dokument/potraviny-skolska-jedalen-ms-102/,SK,False,True,False
www.nextech.sk/a/Dynamicky-email-pre-Gmail-pride-uz-coskoro,SK,False,True,False
obchod.digitel.sk/sms-2002rd-holiaci-strojcek-sencor_2388288.html,SK,False,True,False
dev.filmsk.sk/z-filmoveho-diania/tvare-spoza-kamery/,SK,False,True,False
zastupitelstvo.bratislava.sk/data/att/34454.pdf,SK,False,True,False
molysro.sk/index.php?page=37,SK,False,True,False
psk.sk/mimoriadny-uspech-ziacky-zo-sos-sluzieb-v-presove-2/,SK,False,True,False
gs.mil.sk/23297/index.php?ID=28568,SK,False,True,False
www.pneumatikyobchod.sk/255-55-r19/,SK,False,True,False
www.toprealitka.sk/real_show.php?id=187,SK,False,True,False
autoefekt.sk/pracie-prostriedky-53,SK,False,True,False
www.radiomelody.sk/15696/znama-vizazistka-lucid-urobila-spontanne-rozhodnutie-zostava-v-raji/,SK,False,True,False
www.hifiaudio.sk/ecm-600st/,SK,False,True,False
dev.filmsk.sk/z-filmoveho-diania/v-klapke-sk-sa-najviac-predavala-publikacia-evy-filovej/,SK,False,True,False
www.dvepercenta.sk/details.php?organizationID=33977,SK,False,True,False
websrv.saske.sk/uef/zaostavame-cesi-nam-beru-najschopnejsich-slovakov/,SK,False,True,False
hiking.dennikn.sk/ga/6858/aj_taketo_pocasie_ma_nieco_do_seba.html?ref=ga&rn=3,SK,False,True,False
bedminton.sk/files/18096/u11_2023b.pdf,SK,False,True,False
www.cetv.sk/region-pellegrini-navstivil-partizanske/,SK,False,True,False
msnrrimavienka.sk/index.php/top-o-nas/top-charakteristika,SK,False,True,False
www.adoos.sk/zo-slovenka-pravidelne-odchadzaju-uz-aj-cudzinci/,SK,False,True,False
www.ezts.sk/pub/zts4_pub_zts3.php?uid=_2044db4f0&akcia=add&zts_cislo=348764&zts_trieda=33&zts_basic=330034&kod=75000,SK,False,True,False
zverejnovanie.region-bsk.sk/00605808/faktury/dfbv/0158/23/,SK,False,True,False
mail.mojvcelar.sk/clanky/219-odvieckovance,SK,False,True,False
www.aocp.sk/skusky/main.php?pg=36565498&id_skuska_termin=10130&cmd=registrovat,SK,False,True,False
www.fzki.uniag.sk/sk/uvodna-stranka/?page_n178=151&page_n64=41,SK,False,True,False
slimteam.sk/error-404/,SK,False,True,False
oskbanik.stranavy.sk/index.php/9-osk-banik-stranavy-b/130-ofk-horky-osk-banik-stranavy-b-2-0,SK,False,True,False
www.4camping.sk/vyrobcovia/outwell/cloud/,SK,False,True,False
hiking.dennikn.sk/ga/44434/kto_pozna_tento_kopec.html?ref=ga&rn=3,SK,False,True,False
duos.sk/index.php?route=account/forgotten,SK,False,True,False
hiking.dennikn.sk/ga/61083/smer_klapy.html?ref=ga&rn=-1,SK,False,True,False
www.aocp.sk/skusky/main.php?pg=36565642&id_skuska_termin=10076&cmd=registrovat,SK,False,True,False
hiking.dennikn.sk/ga/66688/dominanty_spod_koncitej.html?ref=ga&rn=0,SK,False,True,False
bavariatt.sk/testovacia-jazda,SK,False,True,False
zastupitelstvo.bratislava.sk/data/att/44157.pdf,SK,False,True,False
www.obecbac.sk/modules/file_storage/download.php?file=83ee23ea%7C92,SK,False,True,False
hlaszarodinu.sk/dusan-halko-sns/,SK,False,True,False
www.exoflora.sk/diskusie/odpoved/re-stromovite-paprade/,SK,False,True,False
www.areta.sk/kategoria-produktu/main-category/s1-zabezpecovacia-technika/s2-jablotron/s3-jablotron-ovladacie-prvky/s4-jablotron-ovladacie-prvky-tiesnove-prvky/,SK,False,True,False
tmfsr.sk/sk/login/133,SK,False,True,False
zdruzenieobci.sk/files/Zmluva_o_dielo_s_prilohami_podpisana.pdf,SK,False,True,False
www.naradie-priemyselne.sk/pneumaticky-skrutkovac-ingersoll-rand-ld2216rd3-q4,SK,False,True,False
edusan.sk/kat_liekov/hladaj_lieky.php?nadpis=&triedi=nazov&volba=atc&hladaj=A10AE05,SK,False,True,False
www.frano-zbrane.sk/222-Rem-SP-2913-3-24g-d899.htm,SK,False,True,False
talestudio.sk/content/ywblgu/wvzjzu-c.html,SK,False,True,False
www.marcelova.sk/modules/file_storage/download.php?file=b0563171%7C677,SK,False,True,False
www.aib.sk/produkty/3053-codices-hugeniani-online/,SK,False,True,False
aleso.sk/produkt/rea-uzatvaratelna-umyvadlova-vypust-gulata-click-clack-univerzalna-biela-rea-a2361/,SK,False,True,False
www.sopsr.sk/natura/index1.php?p=4&sec=5&kod=SKUEV0113,SK,False,True,False
www.denzeme.sk/financovanie-auta-krupina,SK,False,True,False
kategorizacia.mzsr.sk/Lieky/Common/SummaryDetails/111,SK,False,True,False
cimrman.sk/index.php?idnumber=23,SK,False,True,False
marei.sk/bione-odlic-ml-255ml-mineraly/,SK,False,True,False
touchit.sk/home-credit-ma-novu-hovorkynu-komunikaciu-uz-vedie-katerina-dobesova/550000,SK,False,True,False
www.stavbaeu.sk/trubky-ht,SK,False,True,False
www.aocp.sk/skusky/main.php?pg=36565554&id_skuska_termin=10186&cmd=registrovat,SK,False,True,False
rubriky.soks.sk/wp-content/plugins/rubriky/www/pravda/r2014/pr_4007.php,SK,False,True,False
www.finanza.sk/start-konto-vub-banka/,SK,False,True,False
hiking.dennikn.sk/ga/42011/sucho.html?ref=ga&rn=2,SK,False,True,False
www.blatnanaostrove.sk/modules/file_storage/download.php?file=564a7577%7C56,SK,False,True,False
zastupitelstvo.bratislava.sk/data/att/7075.pdf,SK,False,True,False
www.kocikovsvet.sk/173-slnecne-clony,SK,False,True,False
www.erotickashow.sk/poste-so-zabudovanm-sexstrojom-87983,SK,False,True,False
oknadverenitra.sk/?content=izolacia,SK,False,True,False
www.dvepercenta.sk/details.php?organizationID=28769,SK,False,True,False
zverejnovanie.region-bsk.sk/53242742/faktury/?page=9,SK,False,True,False
saca.ke.oma.sk/voda,SK,False,True,False
www.muziker.sk/spiuk-aldapa-carbon-boa-mtb-iridescent-41,SK,False,True,False
eduworld.sk/tg/6/169/umenie,SK,False,True,False
wp-zlavy.sk/spolocnosti/divi-modules/,SK,False,True,False
www.kronium.sk/porovnanie-svietidiel-fenix-e35-v3-0-a-pd40r-v2-0/info_110.html,SK,False,True,False
hsr.rokovania.sk/data/att/151126_subor.pdf,SK,False,True,False
vianoce.sk/index.php?ID=24812,SK,False,True,False
express-alarm.sk/fmm-key-form-g/h-testovaci-klic-pro-tlacitkovy-hlasice-rady-fmc/p443,SK,False,True,False
aim.lps.sk/web/index.php?fn=201&publ_type=1&publ_cycle=0&lng=sk&sess=Yq8nUfKPxi8IcRevvyfUYOvi3q5GnjqpEJHICCDB,SK,False,True,False
edusan.sk/kat_liekov/hladaj_lieky.php?nadpis=&triedi=nazov&volba=atc&hladaj=R06AX17,SK,False,True,False
www.tik.sk/en/region/okres-pezinok/casta/,SK,False,True,False
moje.wingu.sk/login,SK,False,True,False
soshlohovec.sk/index.php?id=zobraz_clanok&clanok=627,SK,False,True,False
sdv.sk/vinarstva/143-limbavin.html,SK,False,True,False
hsr.rokovania.sk/data/att/151105_subor.pdf,SK,False,True,False
www.sewatgreen.sk/kanalizacia/vnutorny-odpad/pp-tiche-odpadove-tvarovky/sitech-pp-odbocka-45-110-110,SK,False,True,False
amos.ukf.sk/user/profile.php?id=12948&lang=en,SK,False,True,False
kamidueurofondy.sk/projekty/192,SK,False,True,False
www.slovtrade.sk/p/181/mazacia-hlavica-uhlova-45-stupnova-m6x1,SK,False,True,False
www.karkulka.sk/fusak-193,SK,False,True,False
online.novabana.sk/cze/c1sv.htm,SK,False,True,False
www.kapusany.sk/files/files/33/28/34/32c9bd89c4d54ecba1998096c2d8d08f/32c9bd89c4d54ecba1998096c2d8d08f.pdf,SK,False,True,False
www.profitennisacademy.sk/index.php/treneri.html,SK,False,True,False
www.friebert.sk/229-vrtaky-a-sekace,SK,False,True,False
www.sevcik.sk/images/kk/55.htm,SK,False,True,False
drevoefekt.edrevotrieska.sk/index.php?vyber=formular&vz_material=1&vz_vyrobca=35&vz_dekor=226,SK,False,True,False
www.mikroregion-td.sk/,SK,False,True,False
hiking.dennikn.sk/ga/74/lednica_i.html?ref=ga&rn=3,SK,False,True,False
tatran.bobot.sk/index.php?x_page=a_stars&x_id_cat=47,SK,False,True,False
www.sedf.sk/wp-signup.php?new=sedf.sk,SK,False,True,False
www.novynabytok.sk/zahradny-nabytok-142/stoly-144/index-1-3d,SK,False,True,False
www.stk-cc.sk/web/online-rezervacia,SK,False,True,False
hostinec.annun.sk/index.php?damsi=clanok&id=210,SK,False,True,False
www.bateriedonaradia.sk/Nabijacka-VHBW-pre-Sony-NP-FT1-NP-FR1-d745.htm,SK,False,True,False
www.onlinemagazin.sk/rozhovor-s-ing-antonom-chvalom-marketingovym-riaditelom-spolocnosti-segum/matrac/,SK,False,True,False
makeryworld.sk/en/delivery/,SK,False,True,False
hiking.dennikn.sk/ga/37119/zimne_rano_nad_budinou.html?ref=ga&rn=-3,SK,False,True,False
www.velkyfolkmar.sk/modules/file_storage/download.php?file=3f786506%7C30,SK,False,True,False
hiking.dennikn.sk/ga/52062/jahnaci_stit.html?ref=ga&rn=1,SK,False,True,False
greensite.sk/ako-sa-zbavit-vosiek-pomocou-ludovych-prostriedkov-134,SK,False,True,False
www.jvrsok2023.srs.sk/index.php?xxx=100&pmenu=&jj=&pp1=p01&pp2=&pp3=&parm=4&pp=p01,SK,False,True,False
www.mojmacko.sk/peniaze-alebo-zivot-facebook,SK,False,True,False
hiking.dennikn.sk/ga/28391/jesienka_obycajna.html?ref=ga&rn=0,SK,False,True,False
eduworld.sk/tg/6/140/sikana,SK,False,True,False
www.upsvar-br.sk/zamestnanost/pracovnik-sbs-2/,SK,False,True,False
www.lendak.sk/modules/file_storage/download.php?file=54ab5afa%7C1411,SK,False,True,False
www.sajdikovehumence.sk/index.php/vyvoz-odpadu/vyvoz-odpadu-2,SK,False,True,False
hiking.dennikn.sk/ga/12536/kaskady.html?ref=ga&rn=3,SK,False,True,False
inzerta.sk/location/dycka/15002391,SK,False,True,False
hiking.dennikn.sk/ga/49246/pani_najvyssia.html?ref=ga&rn=2,SK,False,True,False
zchos.sk/www1/index.php/zapisnice,SK,False,True,False
www.repasovanecisco.sk/c9400-lc-48p/,SK,False,True,False
www.gumiok.sk/106-104-2/,SK,False,True,False
www.ta3.sk/IAUC22DB/MDC2022/Roje/pojedynczy_obiekt.php?lporz=00837&kodstrumienia=00406&colecimy=2&kodmin=00003&kodmax=01223&lpmin=00025&lpmax=01712&sortowanie=0,SK,False,True,False
www.kpn.sk/demo/index.php/admin/,SK,False,True,False
www.spisbus.sk/Vyhladavanie/?id_Oblast=1334&id_Stat=197&id_Stredisko=5421,SK,False,True,False
slovensko.rtvs.sk/rubriky/aktualne-rubriky/host-dobreho-rana/289463/host-drs-k-kerekesova-a-k-molakova-autorky-mimi-a-liza,SK,False,True,False
cr.iedu.sk/presovska-univerzita-v-presove/faktury/20231017512023/,SK,False,True,False
mcvcielka.sk/index.php?s=kr_2007_025,SK,False,True,False
www.sav.sk/?lang=en&doc=activity-monography-response-page&institute_no=199&monography_id=245,SK,False,True,False
www.aocp.sk/skusky/main.php?pg=36565498&id_skuska_termin=10585&cmd=registrovat,SK,False,True,False
www.kajal.sk/modules/file_storage/download.php?file=d6aabc9c%7C23&inline=1,SK,False,True,False
hiking.dennikn.sk/ga/35919/kozi_wierch.html?ref=ga&rn=-3,SK,False,True,False
www.aocp.sk/skusky/main.php?pg=36565741&id_skuska_termin=10519&cmd=registrovat,SK,False,True,False
watson.sk/NZONLINE/chrono-formular.php?id=42886,SK,False,True,False
www.cachtice.sk/samosprava/obecne-zastupitelstvo-1/poslanci/simoncic-milos-ing-csc-18sk.html,SK,False,True,False
abcrohace.sk/wp-content/themes/abc/galeria-kom.php?&t=194&idf=18068,SK,False,True,False
www.skalite.sk/evt_file.php?file=23437,SK,False,True,False
www.dopravamnichov.sk/app/webroot/index.php?/OFF-cm-E-1041196,SK,False,True,False
grapa.sk/index.php/exterier/,SK,False,True,False
www.greenlux.sk/k/ip-54-svietidla-pre-domacnost/,SK,False,True,False
www.mame.sk/apc-back-ups-bk-cs-500ei-300w-_d2884.aspx,SK,False,True,False
www.stitare.sk/modules/file_storage/download.php?file=1e307591%7C592&inline=1,SK,False,True,False
vvzs.mil.sk/index.php?ID=23943,SK,False,True,False
zmluvy.fntt.sk/index.php?session=bce7bba1f0f56f97cb8aca8e91bf3601&category=3&page=9,SK,False,True,False
totalmoney.sk/viaco/urokove-sadzby-a-fixacie?__utmt=tm6624954b29255%7Ctotalmoney.sk%7C%7C%7C%7C1713673547,SK,False,True,False
www.flagranti.sk/zoznamte-panvove-a-213.html,SK,False,True,False
dev.unipharma.sk/pharmacy/esthetic/,SK,False,True,False
www.kongres.arytmie.sk/wp-content/uploads/certifikaty/1302.pdf,SK,False,True,False
secure.tkkbs.sk/view.php?cisloclanku=20240213037,SK,False,True,False
svetlakomora.sk/login/,SK,False,True,False
autogrip.sk/5-aut-co-otacali-v-zeneve-hlavy/,SK,False,True,False
zasvatenyzivot.sk/243-2/,SK,False,True,False
m.alza.sk/ceruzky/q-connect/18889462-v23010.htm,SK,False,True,False
www.sportstyle.sk/PEDALE-MTB-S-ODRAZKOU-CIERNE-d1165.htm,SK,False,True,False
www.sulivet.sk/index.php?33ojkbtx131b644hlymnhrz,SK,False,True,False
vvzs.mil.sk/index.php?ID=45174,SK,False,True,False
hiking.dennikn.sk/ga/66535/rano_na_zajacej_brane.html?ref=ga&rn=-3,SK,False,True,False
sp21.sk/login?redirectUri=slovensko.sp21.sk/a/17068/objavujeme-krasy-slovenska-bana-starovsechsvatych-slovenska-ucebnica-banictva,SK,False,True,False
www.priekopnik.sk/napiste-nam/,SK,False,True,False
www.aocp.sk/skusky/main.php?pg=36565554&id_skuska_termin=10148&cmd=registrovat,SK,False,True,False
ludialudom.sk/Home/ChybaCustom?ErrorCode=404,SK,False,True,False
"www.zarohom.sk/?cmd=Potraviny,%20n%C3%A1poje,%20polotovary,%20doplnky/Bardejov",SK,False,True,False
zastupitelstvo.bratislava.sk/data/att/22506.pdf,SK,False,True,False
www.sefkuchari.sk/?p=176,SK,False,True,False
www.jazvecik.sk/chs-spod-jasovskej-skaly-2/,SK,False,True,False
polovnickakomora.sk/sk/spk-aktualne/strelectvo/strelecky-poriadok-spk-2.html,SK,False,True,False
www.pastovce.sk/modules/file_storage/download.php?file=2c1c05ca%7C6,SK,False,True,False
aim.lps.sk/web/index.php?fn=211&lng=en&sess=GZiGcEnT1VGSzELelfjfuCkbI8ybloBzGHBJHADB,SK,False,True,False
www.terrapermonia.sk/home-credit-skusenosti-ruzomberok,SK,False,True,False
www.tatryportal.sk/wp-admin/admin-ajax.php?action=eventon_ics_download&event_id=16706&ri=0&nonce=635b9156cb,SK,False,True,False
www.pracovnytextil.sk/lizing-auta,SK,False,True,False
www.wildweststore.sk/p/812/westernove-cizmy-wb-64,SK,False,True,False
paseka.sk/index.php?&s_sphere=211&order=timeof&page=admin,SK,False,True,False
tvorme.sk/cs/d/3d-magnetka-earth-zem-1000107/,SK,False,True,False
www.suncycle.sk/sk/katalog/diely-mtb/mtb-stredove-zlozenia/47,SK,False,True,False
www.porfireal.sk/admin/index.php/rss/,SK,False,True,False
www.termoobchod.sk/ht-rura-odpadova-40-250/,SK,False,True,False
redemptoristky.sk/index.php/mostaci,SK,False,True,False
tsm-vm.sk/index.php/zmluvy,SK,False,True,False
www.autopozicovna-online.sk/pozicovna-aut-Francuzsko/Anglet,SK,False,True,False
aim.lps.sk/web/index.php?fn=211&lng=en&sess=HccfzvOrTUl5Ad8N9GmA5qLmGje5ID3eBJCJHADB,SK,False,True,False
click.sk/komfortne-sedacie-supravy-do-kazdej-domacnosti/,SK,False,True,False
w1.weblahko.sk/index.php?menu1r=2&stiznost=true&surl=abramo.weblahko.sk%252FPrispevky.html&sreferer=,SK,False,True,False
hiking.dennikn.sk/ga/12175/pod_cervenou.html?ref=ga&rn=2,SK,False,True,False
barproducts.sk/index.php/servirovanie-a-stolovanie/davkovace-tekutin-a-potravin,SK,False,True,False
p3c.sk/web/reklama/reklama.html,SK,False,True,False
www.cadtours.sk/Vyhladavanie/?id_Stat=151,SK,False,True,False
www.tunakupim.sk/znacka/csb/,SK,False,True,False
www.cdobchod.sk/predaj/19254/bana--bana--nova-bana/,SK,False,True,False
www.vk-vysavace.sk/filtracna-kaseta-pre-vorwerk-135/,SK,False,True,False
www.dolneoresany.sk/zverejnovanie/faktury-zmluvy-objednavky/faktura-162-174-42.html,SK,False,True,False
www.cochkt.sk/a/conf/event_dates/42/contact?locale=en_GB,SK,False,True,False
hiking.dennikn.sk/ga/52790/korunka_vysokej.html?ref=ga&rn=-2,SK,False,True,False
cavoj.sk/?stranka=fotogaleria&id=249&id_fotografie=3603,SK,False,True,False
www.mojandroid.sk/vedci-algoritmus-predikcia-depresia-instagram/,SK,False,True,False
avalda.sk/io-zavesne-svietidlo,SK,False,True,False
hiking.dennikn.sk/ga/40734/z_povazia.html?ref=ga&rn=-1,SK,False,True,False
files.noveslovo.sk/c/Z_vasich_ohlasov_50,SK,False,True,False
www.hanusovce.sk/evt_file.php?file=4996,SK,False,True,False
www.millennium.sk/referencie-riesenia/crm-riesenia/,SK,False,True,False
ziveryby.sk/cerstve-maso/cerstve-rybie-maso-zo-stuky/,SK,False,True,False
www.pohodafestival.sk/webparty/profile/monghi/71,SK,False,True,False
www.atp.sk/s/65.Meranie_teploty,SK,False,True,False
hiking.dennikn.sk/ga/32593/nad_hrelikovou_dolinou.html?ref=ga&rn=2,SK,False,True,False
www.oficial.sk/tvorba-web-stranok-skalite/,SK,False,True,False
www.presovak.sk/lokality/bana,SK,False,True,False
rubriky.soks.sk/wp-content/plugins/rubriky/www/nike/r2001/nike_20011114.php,SK,False,True,False
www.eurodata.sk/np-6312_c21297.html,SK,False,True,False
www.explosivo.sk/p/drziak-napojov-do-auta-cierny,SK,False,True,False
www.darcekeshop.sk/Varic-plynovy-Rsonic-RS-138-kartusa,SK,False,True,False
www.aocp.sk/skusky/main.php?pg=20240425031233&cmd=terminy,SK,False,True,False
hiking.dennikn.sk/ga/7823/faby_jesene.html?ref=ga&rn=0,SK,False,True,False
www.topubytko.sk/ubytovanie/bol/m-991/,SK,False,True,False
www.bicykle-privara.sk/doplnky/prilba-trigger-inmold-173-biela-ruzova/,SK,False,True,False
zlatnictvohalasova.sk/content/urorci/xpqmps-c.html,SK,False,True,False
www.dudinska50.sk/Live,SK,False,True,False
www.sav.sk/index.php?lang=sk&doc=user-org-user&user_no=13627,SK,False,True,False
www.briliantreality.sk/country/luzianky/,SK,False,True,False
chgroup.sk/rem-bratislava/,SK,False,True,False
www.cyklodresy.sk/cyklodresy-1/cyklo-doplnky/tretry/mtb/flr-defender-mtb-tretry,SK,False,True,False
rubriky.soks.sk/wp-content/plugins/rubriky/www/hl/r1985/hl_1484.php,SK,False,True,False
www.unijunior.sk/ciapka-active-sportcool-8082/,SK,False,True,False
www.pistole.sk/Opaskove-puzdro-bocne-Dasta-207-d343.htm,SK,False,True,False
www.sulivet.sk/index.php?74kvaqmhnpvf3bd5c9xoxb3l,SK,False,True,False
www.kraso.sk/wp-content/uploads/sutaze/2019_2020/20191123_pu/SEG004.HTM,SK,False,True,False
hiking.dennikn.sk/ga/46385/zapadne_tatry.html?ref=ga&rn=-2,SK,False,True,False
mojmirkapiestany.sk/wp-content/uploads/pdf/4NP_BlokB_BytA.pdf,SK,False,True,False
www.pis.sk/diskusia/793/historicke_fotografie_a_pohladnice_mesta_presov/?re=19034,SK,False,True,False
www.upsvar-vk.sk/zamestnanost/casnik-servirka-114/,SK,False,True,False
vtrslovakia.sk/user/sign-in?backlink=rbum0,SK,False,True,False
www.kamnapivo.sk/zilina/sfefanikovo-namestie/slamnik-pub/PLorr/,SK,False,True,False
www.lucys.sk/ako-nastavit-povolene-precerpanie-vub-ruzomberok,SK,False,True,False
xiaomiplanet.sk/univerzalne-aliexpress-kupony-164/,SK,False,True,False
hiking.dennikn.sk/ga/31441/drevar_fialovy.html?ref=ga&rn=-3,SK,False,True,False
www.belda.sk/prilba-pocito-fornix-spin-2/,SK,False,True,False
dev.filmsk.sk/z-filmoveho-diania/digitalizacne-pracovisko-sa-otvorilo-kinarom/,SK,False,True,False
cr.iedu.sk/presovska-univerzita-v-presove/subjekty/44801777/,SK,False,True,False
lkb.sk/index.php/o-klube/zameranie,SK,False,True,False
touchit.sk/o2-pausal-si-mozete-objednat-cez-mobilnu-aplikaciu/610779,SK,False,True,False
www.savenergy.sk/0-188,SK,False,True,False
www.ta3.sk/IAUC22DB/MDC2022/Roje/pojedynczy_obiekt.php?lporz=01279&kodstrumienia=00708&colecimy=2&kodmin=00003&kodmax=01223&lpmin=00025&lpmax=01712&sortowanie=0,SK,False,True,False
www.addekor.sk/produkt/roblox/,SK,False,True,False
www.sulivet.sk/index.php?2aysxlsuz0k8lepsc79d3c3yuq_lzdlob,SK,False,True,False
www.oficial.sk/tvorba-web-stranok-kezmarok/,SK,False,True,False
www.pohodafestival.sk/index.php/webparty/profile/martin_N,SK,False,True,False
www.catena.sk/231-Barka-J8-d4429.htm,SK,False,True,False
rubriky.soks.sk/wp-content/plugins/rubriky/www/hl/r1987/hl_1692.php,SK,False,True,False
www.svedlar.sk/evt_file.php?file=4632,SK,False,True,False
eszu.sk/wp-content/uploads/VUPCH_Branislav-Vohnout.pdf,SK,False,True,False
www.dpmk.sk/cp/linka/40052/138/19/1,SK,False,True,False
www.trebatice.sk/modules/file_storage/download.php?file=7acdafa8%7C12&inline=1,SK,False,True,False
zmluvy.fntt.sk/index.php?session=b1d9863ed0b5f9f6e757178e11220a75&category=3&page=10&contract=981,SK,False,True,False
vianoce.sk/index.php?ID=28678,SK,False,True,False
pdphoto.sk/gallery/peter-siska/sp-web-fb-kvalita-209/,SK,False,True,False
www.kavaexpress.sk/Rucny-mlyncek-na-kavu-Lodos-Temp-d165_41043538.htm,SK,False,True,False
www.m-link.sk/jobe-airstream-towable-3p/,SK,False,True,False
dev.unipharma.sk/pharmacy/dentur-l/,SK,False,True,False
www.dogshow.sk/dogcup/index.php?Hladaj=true&Filter_FCI=&Filter_BrdId=&Filter_SutazId=0&Filter_Rocnik=2023&Filter_Sex=&Filter_Dog=&Filter_Owner=&Filter_Breeder=&ShowId=233&DogId=54763&page=1,SK,False,True,False
www.slovit.sk/b/Apple,SK,False,True,False
nitraden.sk/pri-nitre-doslo-k-vaznej-dopravnej-nehode-auta-sa-zrazili-s-nakladiakom-zasahoval-vrtulnik/,SK,False,True,False
hiking.dennikn.sk/ga/41608/hrad_vrsatec_a_klak.html?ref=ga&rn=-3,SK,False,True,False
www.i-bazar.sk/kozmeticke-pripravky-a-pomocky/?id_lokalita=198,SK,False,True,False
www.ku.sk/app/cmsSiteBoxAttachment.php?ID=8483&cmsDataID=0,SK,False,True,False
hiking.dennikn.sk/ga/55179/marcova_polana.html?ref=ga&rn=-1,SK,False,True,False
amp.sk/produkt/hankook-255-40r22-103y-ventus-s1-evo3-suv-k127a/,SK,False,True,False
